arm,path,standard,requirement_id,status,evidence_types,evidence_count
A,native,ASVS,V1.1.1,not-verified,,0
A,native,ASVS,V1.1.2,partial,template-control,1
A,native,ASVS,V1.2.1,pass,dast|scanner|template-control|test,6
A,native,ASVS,V1.2.2,pass,dast|scanner|template-control|test,5
A,native,ASVS,V1.2.3,partial,scanner,1
A,native,ASVS,V1.2.4,pass,dast|scanner|template-control,3
A,native,ASVS,V1.2.5,pass,dast|scanner,2
A,native,ASVS,V1.2.6,not-applicable,,0
A,native,ASVS,V1.2.7,not-applicable,,0
A,native,ASVS,V1.2.8,not-applicable,,0
A,native,ASVS,V1.2.9,not-verified,,0
A,native,ASVS,V1.2.10,out-of-level,,0
A,native,ASVS,V1.3.1,not-applicable,,0
A,native,ASVS,V1.3.2,partial,scanner,1
A,native,ASVS,V1.3.3,not-verified,,0
A,native,ASVS,V1.3.4,not-applicable,,0
A,native,ASVS,V1.3.5,not-applicable,,0
A,native,ASVS,V1.3.6,partial,scanner,1
A,native,ASVS,V1.3.7,not-verified,,0
A,native,ASVS,V1.3.8,not-applicable,,0
A,native,ASVS,V1.3.9,not-applicable,,0
A,native,ASVS,V1.3.10,not-applicable,,0
A,native,ASVS,V1.3.11,not-applicable,,0
A,native,ASVS,V1.3.12,out-of-level,,0
A,native,ASVS,V1.4.1,not-applicable,,0
A,native,ASVS,V1.4.2,not-applicable,,0
A,native,ASVS,V1.4.3,not-applicable,,0
A,native,ASVS,V1.5.1,not-applicable,,0
A,native,ASVS,V1.5.2,not-verified,,0
A,native,ASVS,V1.5.3,out-of-level,,0
A,native,ASVS,V2.1.1,pass,config|template-control,2
A,native,ASVS,V2.1.2,not-verified,,0
A,native,ASVS,V2.1.3,pass,config|template-control,2
A,native,ASVS,V2.2.1,pass,dast|template-control|test,16
A,native,ASVS,V2.2.2,pass,dast|template-control|test,7
A,native,ASVS,V2.2.3,not-verified,,0
A,native,ASVS,V2.3.1,not-verified,,0
A,native,ASVS,V2.3.2,not-verified,,0
A,native,ASVS,V2.3.3,pass,template-control|test,5
A,native,ASVS,V2.3.4,not-verified,,0
A,native,ASVS,V2.3.5,out-of-level,,0
A,native,ASVS,V2.4.1,pass,dast|template-control|test,13
A,native,ASVS,V2.4.2,out-of-level,,0
A,native,ASVS,V3.1.1,out-of-level,,0
A,native,ASVS,V3.2.1,not-applicable,,0
A,native,ASVS,V3.2.2,pass,dast|template-control,3
A,native,ASVS,V3.2.3,out-of-level,,0
A,native,ASVS,V3.3.1,not-applicable,,0
A,native,ASVS,V3.3.2,pass,dast|template-control|test,4
A,native,ASVS,V3.3.3,not-applicable,,0
A,native,ASVS,V3.3.4,pass,dast|template-control,3
A,native,ASVS,V3.3.5,out-of-level,,0
A,native,ASVS,V3.4.1,not-applicable,,0
A,native,ASVS,V3.4.2,pass,dast|template-control|test,4
A,native,ASVS,V3.4.3,pass,dast|template-control|test,4
A,native,ASVS,V3.4.4,pass,dast|template-control|test,4
A,native,ASVS,V3.4.5,pass,dast|template-control|test,4
A,native,ASVS,V3.4.6,pass,dast|template-control,2
A,native,ASVS,V3.4.7,out-of-level,,0
A,native,ASVS,V3.4.8,out-of-level,,0
A,native,ASVS,V3.5.1,pass,dast|template-control|test,10
A,native,ASVS,V3.5.2,not-verified,,0
A,native,ASVS,V3.5.3,pass,dast|template-control|test,5
A,native,ASVS,V3.5.4,not-applicable,,0
A,native,ASVS,V3.5.5,not-applicable,,0
A,native,ASVS,V3.5.6,out-of-level,,0
A,native,ASVS,V3.5.7,out-of-level,,0
A,native,ASVS,V3.5.8,out-of-level,,0
A,native,ASVS,V3.6.1,out-of-level,,0
A,native,ASVS,V3.7.1,not-verified,,0
A,native,ASVS,V3.7.2,pass,dast|template-control|test,8
A,native,ASVS,V3.7.3,out-of-level,,0
A,native,ASVS,V3.7.4,out-of-level,,0
A,native,ASVS,V3.7.5,out-of-level,,0
A,native,ASVS,V4.1.1,pass,dast|template-control|test,5
A,native,ASVS,V4.1.2,not-applicable,,0
A,native,ASVS,V4.1.3,pass,config|dast|template-control,3
A,native,ASVS,V4.1.4,out-of-level,,0
A,native,ASVS,V4.1.5,out-of-level,,0
A,native,ASVS,V4.2.1,not-verified,,0
A,native,ASVS,V4.2.2,out-of-level,,0
A,native,ASVS,V4.2.3,out-of-level,,0
A,native,ASVS,V4.2.4,out-of-level,,0
A,native,ASVS,V4.2.5,out-of-level,,0
A,native,ASVS,V4.3.1,not-applicable,,0
A,native,ASVS,V4.3.2,not-applicable,,0
A,native,ASVS,V4.4.1,not-applicable,,0
A,native,ASVS,V4.4.2,not-applicable,,0
A,native,ASVS,V4.4.3,not-applicable,,0
A,native,ASVS,V4.4.4,not-applicable,,0
A,native,ASVS,V5.1.1,not-applicable,,0
A,native,ASVS,V5.2.1,not-applicable,,0
A,native,ASVS,V5.2.2,not-applicable,,0
A,native,ASVS,V5.2.3,not-applicable,,0
A,native,ASVS,V5.2.4,out-of-level,,0
A,native,ASVS,V5.2.5,out-of-level,,0
A,native,ASVS,V5.2.6,out-of-level,,0
A,native,ASVS,V5.3.1,not-applicable,,0
A,native,ASVS,V5.3.2,not-applicable,,0
A,native,ASVS,V5.3.3,out-of-level,,0
A,native,ASVS,V5.4.1,not-applicable,,0
A,native,ASVS,V5.4.2,not-applicable,,0
A,native,ASVS,V5.4.3,not-applicable,,0
A,native,ASVS,V6.1.1,pass,config|template-control,3
A,native,ASVS,V6.1.2,pass,config|template-control,2
A,native,ASVS,V6.1.3,pass,config|template-control,2
A,native,ASVS,V6.2.1,pass,dast|template-control|test,4
A,native,ASVS,V6.2.2,partial,template-control,1
A,native,ASVS,V6.2.3,pass,template-control|test,3
A,native,ASVS,V6.2.4,pass,dast|template-control|test,4
A,native,ASVS,V6.2.5,pass,dast|template-control|test,4
A,native,ASVS,V6.2.6,pass,dast|template-control,2
A,native,ASVS,V6.2.7,pass,dast|template-control,2
A,native,ASVS,V6.2.8,pass,template-control|test,3
A,native,ASVS,V6.2.9,pass,template-control|test,3
A,native,ASVS,V6.2.10,pass,template-control|test,3
A,native,ASVS,V6.2.11,pass,template-control|test,3
A,native,ASVS,V6.2.12,not-verified,,0
A,native,ASVS,V6.3.1,pass,dast|template-control|test,10
A,native,ASVS,V6.3.2,partial,config|template-control|test,5
A,native,ASVS,V6.3.3,pass,dast|template-control|test,6
A,native,ASVS,V6.3.4,not-verified,,0
A,native,ASVS,V6.3.5,out-of-level,,0
A,native,ASVS,V6.3.6,out-of-level,,0
A,native,ASVS,V6.3.7,out-of-level,,0
A,native,ASVS,V6.3.8,out-of-level,,0
A,native,ASVS,V6.4.1,partial,config|template-control|test,4
A,native,ASVS,V6.4.2,pass,template-control|test,3
A,native,ASVS,V6.4.3,pass,dast|template-control|test,8
A,native,ASVS,V6.4.4,not-verified,template-control|test,3
A,native,ASVS,V6.4.5,out-of-level,,0
A,native,ASVS,V6.4.6,out-of-level,,0
A,native,ASVS,V6.5.1,pass,dast|template-control|test,5
A,native,ASVS,V6.5.2,pass,template-control|test,3
A,native,ASVS,V6.5.3,pass,template-control|test,3
A,native,ASVS,V6.5.4,pass,template-control|test,3
A,native,ASVS,V6.5.5,pass,template-control|test,3
A,native,ASVS,V6.5.6,out-of-level,,0
A,native,ASVS,V6.5.7,out-of-level,,0
A,native,ASVS,V6.5.8,out-of-level,,0
A,native,ASVS,V6.6.1,not-applicable,,0
A,native,ASVS,V6.6.2,not-applicable,,0
A,native,ASVS,V6.6.3,pass,dast|template-control,2
A,native,ASVS,V6.6.4,out-of-level,,0
A,native,ASVS,V6.7.1,out-of-level,,0
A,native,ASVS,V6.7.2,out-of-level,,0
A,native,ASVS,V6.8.1,not-applicable,,0
A,native,ASVS,V6.8.2,not-applicable,,0
A,native,ASVS,V6.8.3,not-applicable,,0
A,native,ASVS,V6.8.4,not-applicable,,0
A,native,ASVS,V7.1.1,pass,config|template-control|test,8
A,native,ASVS,V7.1.2,pass,config|template-control|test,5
A,native,ASVS,V7.1.3,not-applicable,,0
A,native,ASVS,V7.2.1,pass,dast|template-control,2
A,native,ASVS,V7.2.2,pass,dast|template-control,2
A,native,ASVS,V7.2.3,pass,template-control|test,3
A,native,ASVS,V7.2.4,pass,dast|template-control|test,4
A,native,ASVS,V7.3.1,pass,config|template-control|test,4
A,native,ASVS,V7.3.2,pass,config|template-control|test,4
A,native,ASVS,V7.4.1,pass,dast|template-control|test,4
A,native,ASVS,V7.4.2,pass,template-control|test,3
A,native,ASVS,V7.4.3,pass,template-control|test,3
A,native,ASVS,V7.4.4,pass,dast|template-control,2
A,native,ASVS,V7.4.5,pass,template-control|test,3
A,native,ASVS,V7.5.1,pass,template-control|test,3
A,native,ASVS,V7.5.2,pass,template-control|test,3
A,native,ASVS,V7.5.3,out-of-level,,0
A,native,ASVS,V7.6.1,not-applicable,,0
A,native,ASVS,V7.6.2,not-applicable,,0
A,native,ASVS,V8.1.1,pass,dast|template-control,2
A,native,ASVS,V8.1.2,partial,template-control,1
A,native,ASVS,V8.1.3,out-of-level,,0
A,native,ASVS,V8.1.4,out-of-level,,0
A,native,ASVS,V8.2.1,partial,dast|template-control|test,22
A,native,ASVS,V8.2.2,pass,dast|template-control|test,18
A,native,ASVS,V8.2.3,pass,template-control|test,13
A,native,ASVS,V8.2.4,out-of-level,,0
A,native,ASVS,V8.3.1,partial,dast|template-control|test,5
A,native,ASVS,V8.3.2,out-of-level,,0
A,native,ASVS,V8.3.3,out-of-level,,0
A,native,ASVS,V8.4.1,not-applicable,,0
A,native,ASVS,V8.4.2,out-of-level,,0
A,native,ASVS,V9.1.1,not-applicable,,0
A,native,ASVS,V9.1.2,not-applicable,,0
A,native,ASVS,V9.1.3,not-applicable,,0
A,native,ASVS,V9.2.1,not-applicable,,0
A,native,ASVS,V9.2.2,not-applicable,,0
A,native,ASVS,V9.2.3,not-applicable,,0
A,native,ASVS,V9.2.4,not-applicable,,0
A,native,ASVS,V10.1.1,not-applicable,,0
A,native,ASVS,V10.1.2,not-applicable,,0
A,native,ASVS,V10.2.1,not-applicable,,0
A,native,ASVS,V10.2.2,not-applicable,,0
A,native,ASVS,V10.2.3,out-of-level,,0
A,native,ASVS,V10.3.1,not-applicable,,0
A,native,ASVS,V10.3.2,not-applicable,,0
A,native,ASVS,V10.3.3,not-applicable,,0
A,native,ASVS,V10.3.4,not-applicable,,0
A,native,ASVS,V10.3.5,out-of-level,,0
A,native,ASVS,V10.4.1,not-applicable,,0
A,native,ASVS,V10.4.2,not-applicable,,0
A,native,ASVS,V10.4.3,not-applicable,,0
A,native,ASVS,V10.4.4,not-applicable,,0
A,native,ASVS,V10.4.5,not-applicable,,0
A,native,ASVS,V10.4.6,not-applicable,,0
A,native,ASVS,V10.4.7,not-applicable,,0
A,native,ASVS,V10.4.8,not-applicable,,0
A,native,ASVS,V10.4.9,not-applicable,,0
A,native,ASVS,V10.4.10,not-applicable,,0
A,native,ASVS,V10.4.11,not-applicable,,0
A,native,ASVS,V10.4.12,out-of-level,,0
A,native,ASVS,V10.4.13,out-of-level,,0
A,native,ASVS,V10.4.14,out-of-level,,0
A,native,ASVS,V10.4.15,out-of-level,,0
A,native,ASVS,V10.4.16,out-of-level,,0
A,native,ASVS,V10.5.1,not-applicable,,0
A,native,ASVS,V10.5.2,not-applicable,,0
A,native,ASVS,V10.5.3,not-applicable,,0
A,native,ASVS,V10.5.4,not-applicable,,0
A,native,ASVS,V10.5.5,not-applicable,,0
A,native,ASVS,V10.6.1,not-applicable,,0
A,native,ASVS,V10.6.2,not-applicable,,0
A,native,ASVS,V10.7.1,not-applicable,,0
A,native,ASVS,V10.7.2,not-applicable,,0
A,native,ASVS,V10.7.3,not-applicable,,0
A,native,ASVS,V11.1.1,not-verified,template-control,1
A,native,ASVS,V11.1.2,not-verified,template-control,1
A,native,ASVS,V11.1.3,out-of-level,,0
A,native,ASVS,V11.1.4,out-of-level,,0
A,native,ASVS,V11.2.1,pass,scanner|template-control|test,4
A,native,ASVS,V11.2.2,pass,template-control|test,3
A,native,ASVS,V11.2.3,pass,config|template-control,2
A,native,ASVS,V11.2.4,out-of-level,,0
A,native,ASVS,V11.2.5,out-of-level,,0
A,native,ASVS,V11.3.1,partial,template-control,1
A,native,ASVS,V11.3.2,pass,template-control|test,3
A,native,ASVS,V11.3.3,pass,template-control|test,3
A,native,ASVS,V11.3.4,out-of-level,,0
A,native,ASVS,V11.3.5,out-of-level,,0
A,native,ASVS,V11.4.1,pass,scanner|template-control,2
A,native,ASVS,V11.4.2,pass,template-control|test,3
A,native,ASVS,V11.4.3,not-verified,,0
A,native,ASVS,V11.4.4,partial,template-control,1
A,native,ASVS,V11.5.1,pass,template-control|test,3
A,native,ASVS,V11.5.2,out-of-level,,0
A,native,ASVS,V11.6.1,not-verified,,0
A,native,ASVS,V11.6.2,out-of-level,,0
A,native,ASVS,V11.7.1,out-of-level,,0
A,native,ASVS,V11.7.2,out-of-level,,0
A,native,ASVS,V12.1.1,not-applicable,,0
A,native,ASVS,V12.1.2,not-applicable,,0
A,native,ASVS,V12.1.3,not-applicable,,0
A,native,ASVS,V12.1.4,out-of-level,,0
A,native,ASVS,V12.1.5,out-of-level,,0
A,native,ASVS,V12.2.1,not-applicable,,0
A,native,ASVS,V12.2.2,not-applicable,,0
A,native,ASVS,V12.3.1,not-verified,,0
A,native,ASVS,V12.3.2,not-verified,,0
A,native,ASVS,V12.3.3,not-verified,,0
A,native,ASVS,V12.3.4,not-verified,,0
A,native,ASVS,V12.3.5,out-of-level,,0
A,native,ASVS,V13.1.1,partial,config,1
A,native,ASVS,V13.1.2,out-of-level,,0
A,native,ASVS,V13.1.3,out-of-level,,0
A,native,ASVS,V13.1.4,out-of-level,,0
A,native,ASVS,V13.2.1,not-verified,,0
A,native,ASVS,V13.2.2,not-verified,,0
A,native,ASVS,V13.2.3,pass,config|template-control|test,5
A,native,ASVS,V13.2.4,pass,test,2
A,native,ASVS,V13.2.5,pass,test,2
A,native,ASVS,V13.2.6,out-of-level,,0
A,native,ASVS,V13.3.1,not-verified,config,1
A,native,ASVS,V13.3.2,partial,template-control,1
A,native,ASVS,V13.3.3,out-of-level,,0
A,native,ASVS,V13.3.4,out-of-level,,0
A,native,ASVS,V13.4.1,pass,dast|template-control|test,7
A,native,ASVS,V13.4.2,partial,config,1
A,native,ASVS,V13.4.3,pass,dast|template-control,2
A,native,ASVS,V13.4.4,pass,dast|template-control|test,6
A,native,ASVS,V13.4.5,pass,dast|template-control|test,5
A,native,ASVS,V13.4.6,out-of-level,,0
A,native,ASVS,V13.4.7,out-of-level,,0
A,native,ASVS,V14.1.1,partial,config,1
A,native,ASVS,V14.1.2,partial,config,1
A,native,ASVS,V14.2.1,pass,dast|template-control|test,4
A,native,ASVS,V14.2.2,not-verified,,0
A,native,ASVS,V14.2.3,not-verified,,0
A,native,ASVS,V14.2.4,partial,template-control,1
A,native,ASVS,V14.2.5,out-of-level,,0
A,native,ASVS,V14.2.6,out-of-level,,0
A,native,ASVS,V14.2.7,out-of-level,,0
A,native,ASVS,V14.2.8,out-of-level,,0
A,native,ASVS,V14.3.1,pass,dast|template-control|test,4
A,native,ASVS,V14.3.2,pass,dast|template-control|test,4
A,native,ASVS,V14.3.3,not-verified,,0
A,native,ASVS,V15.1.1,pass,config|template-control|test,6
A,native,ASVS,V15.1.2,pass,config|template-control|test,8
A,native,ASVS,V15.1.3,not-verified,,0
A,native,ASVS,V15.1.4,out-of-level,,0
A,native,ASVS,V15.1.5,out-of-level,,0
A,native,ASVS,V15.2.1,pass,config|template-control,2
A,native,ASVS,V15.2.2,pass,template-control|test,3
A,native,ASVS,V15.2.3,partial,config|dast|template-control,5
A,native,ASVS,V15.2.4,out-of-level,,0
A,native,ASVS,V15.2.5,out-of-level,,0
A,native,ASVS,V15.3.1,pass,template-control|test,7
A,native,ASVS,V15.3.2,pass,test,2
A,native,ASVS,V15.3.3,pass,dast|template-control,2
A,native,ASVS,V15.3.4,pass,config|dast|template-control|test,5
A,native,ASVS,V15.3.5,pass,dast|template-control,2
A,native,ASVS,V15.3.6,pass,dast|scanner,3
A,native,ASVS,V15.3.7,pass,dast|test,3
A,native,ASVS,V15.4.1,out-of-level,,0
A,native,ASVS,V15.4.2,out-of-level,,0
A,native,ASVS,V15.4.3,out-of-level,,0
A,native,ASVS,V15.4.4,out-of-level,,0
A,native,ASVS,V16.1.1,pass,config|template-control,2
A,native,ASVS,V16.2.1,pass,dast|template-control|test,4
A,native,ASVS,V16.2.2,partial,template-control,1
A,native,ASVS,V16.2.3,partial,template-control,1
A,native,ASVS,V16.2.4,partial,template-control,1
A,native,ASVS,V16.2.5,pass,template-control|test,3
A,native,ASVS,V16.3.1,pass,dast|template-control|test,5
A,native,ASVS,V16.3.2,pass,dast|template-control|test,4
A,native,ASVS,V16.3.3,pass,dast|template-control,2
A,native,ASVS,V16.3.4,partial,template-control,1
A,native,ASVS,V16.4.1,pass,template-control|test,3
A,native,ASVS,V16.4.2,pass,template-control|test,6
A,native,ASVS,V16.4.3,not-verified,,0
A,native,ASVS,V16.5.1,pass,dast|test,9
A,native,ASVS,V16.5.2,pass,test,2
A,native,ASVS,V16.5.3,pass,dast|test,3
A,native,ASVS,V16.5.4,out-of-level,,0
A,native,ASVS,V17.1.1,not-applicable,,0
A,native,ASVS,V17.1.2,out-of-level,,0
A,native,ASVS,V17.2.1,not-applicable,,0
A,native,ASVS,V17.2.2,not-applicable,,0
A,native,ASVS,V17.2.3,not-applicable,,0
A,native,ASVS,V17.2.4,not-applicable,,0
A,native,ASVS,V17.2.5,out-of-level,,0
A,native,ASVS,V17.2.6,out-of-level,,0
A,native,ASVS,V17.2.7,out-of-level,,0
A,native,ASVS,V17.2.8,out-of-level,,0
A,native,ASVS,V17.3.1,not-applicable,,0
A,native,ASVS,V17.3.2,not-applicable,,0
B,uploaded,ASVS,V1.1.1,ai-assessed,ai-review,1
B,uploaded,ASVS,V1.1.2,ai-assessed,ai-review,1
B,uploaded,ASVS,V1.2.1,partial,scanner,1
B,uploaded,ASVS,V1.2.2,partial,scanner,1
B,uploaded,ASVS,V1.2.3,partial,scanner,1
B,uploaded,ASVS,V1.2.4,fail,,0
B,uploaded,ASVS,V1.2.5,partial,scanner,1
B,uploaded,ASVS,V1.2.6,not-applicable,,0
B,uploaded,ASVS,V1.2.7,not-applicable,,0
B,uploaded,ASVS,V1.2.8,not-applicable,,0
B,uploaded,ASVS,V1.2.9,not-verified,,0
B,uploaded,ASVS,V1.2.10,out-of-level,,0
B,uploaded,ASVS,V1.3.1,not-applicable,,0
B,uploaded,ASVS,V1.3.2,partial,ai-review|scanner,2
B,uploaded,ASVS,V1.3.3,ai-assessed,ai-review,1
B,uploaded,ASVS,V1.3.4,not-applicable,,0
B,uploaded,ASVS,V1.3.5,not-applicable,,0
B,uploaded,ASVS,V1.3.6,partial,scanner,1
B,uploaded,ASVS,V1.3.7,ai-assessed,ai-review,1
B,uploaded,ASVS,V1.3.8,not-applicable,,0
B,uploaded,ASVS,V1.3.9,not-applicable,,0
B,uploaded,ASVS,V1.3.10,not-applicable,,0
B,uploaded,ASVS,V1.3.11,not-applicable,,0
B,uploaded,ASVS,V1.3.12,out-of-level,,0
B,uploaded,ASVS,V1.4.1,not-applicable,,0
B,uploaded,ASVS,V1.4.2,not-applicable,,0
B,uploaded,ASVS,V1.4.3,not-applicable,,0
B,uploaded,ASVS,V1.5.1,not-applicable,,0
B,uploaded,ASVS,V1.5.2,not-verified,,0
B,uploaded,ASVS,V1.5.3,out-of-level,,0
B,uploaded,ASVS,V2.1.1,partial,config,1
B,uploaded,ASVS,V2.1.2,not-verified,,0
B,uploaded,ASVS,V2.1.3,partial,ai-review|config,2
B,uploaded,ASVS,V2.2.1,not-verified,,0
B,uploaded,ASVS,V2.2.2,not-verified,,0
B,uploaded,ASVS,V2.2.3,not-verified,,0
B,uploaded,ASVS,V2.3.1,not-verified,,0
B,uploaded,ASVS,V2.3.2,not-verified,,0
B,uploaded,ASVS,V2.3.3,fail,,0
B,uploaded,ASVS,V2.3.4,not-verified,,0
B,uploaded,ASVS,V2.3.5,out-of-level,,0
B,uploaded,ASVS,V2.4.1,not-verified,,0
B,uploaded,ASVS,V2.4.2,out-of-level,,0
B,uploaded,ASVS,V3.1.1,out-of-level,,0
B,uploaded,ASVS,V3.2.1,not-applicable,,0
B,uploaded,ASVS,V3.2.2,ai-assessed,ai-review,1
B,uploaded,ASVS,V3.2.3,out-of-level,,0
B,uploaded,ASVS,V3.3.1,not-applicable,,0
B,uploaded,ASVS,V3.3.2,not-verified,,0
B,uploaded,ASVS,V3.3.3,not-applicable,,0
B,uploaded,ASVS,V3.3.4,not-verified,,0
B,uploaded,ASVS,V3.3.5,out-of-level,,0
B,uploaded,ASVS,V3.4.1,not-applicable,,0
B,uploaded,ASVS,V3.4.2,ai-assessed,ai-review,1
B,uploaded,ASVS,V3.4.3,ai-assessed,ai-review,1
B,uploaded,ASVS,V3.4.4,ai-assessed,ai-review,1
B,uploaded,ASVS,V3.4.5,ai-assessed,ai-review,1
B,uploaded,ASVS,V3.4.6,ai-assessed,ai-review,1
B,uploaded,ASVS,V3.4.7,out-of-level,,0
B,uploaded,ASVS,V3.4.8,out-of-level,,0
B,uploaded,ASVS,V3.5.1,not-verified,,0
B,uploaded,ASVS,V3.5.2,not-verified,,0
B,uploaded,ASVS,V3.5.3,not-verified,,0
B,uploaded,ASVS,V3.5.4,not-applicable,,0
B,uploaded,ASVS,V3.5.5,not-applicable,,0
B,uploaded,ASVS,V3.5.6,out-of-level,,0
B,uploaded,ASVS,V3.5.7,out-of-level,,0
B,uploaded,ASVS,V3.5.8,out-of-level,,0
B,uploaded,ASVS,V3.6.1,out-of-level,,0
B,uploaded,ASVS,V3.7.1,ai-assessed,ai-review,1
B,uploaded,ASVS,V3.7.2,not-verified,,0
B,uploaded,ASVS,V3.7.3,out-of-level,,0
B,uploaded,ASVS,V3.7.4,out-of-level,,0
B,uploaded,ASVS,V3.7.5,out-of-level,,0
B,uploaded,ASVS,V4.1.1,not-verified,,0
B,uploaded,ASVS,V4.1.2,not-applicable,,0
B,uploaded,ASVS,V4.1.3,not-verified,,0
B,uploaded,ASVS,V4.1.4,out-of-level,,0
B,uploaded,ASVS,V4.1.5,out-of-level,,0
B,uploaded,ASVS,V4.2.1,not-verified,,0
B,uploaded,ASVS,V4.2.2,out-of-level,,0
B,uploaded,ASVS,V4.2.3,out-of-level,,0
B,uploaded,ASVS,V4.2.4,out-of-level,,0
B,uploaded,ASVS,V4.2.5,out-of-level,,0
B,uploaded,ASVS,V4.3.1,not-applicable,,0
B,uploaded,ASVS,V4.3.2,not-applicable,,0
B,uploaded,ASVS,V4.4.1,not-applicable,,0
B,uploaded,ASVS,V4.4.2,not-applicable,,0
B,uploaded,ASVS,V4.4.3,not-applicable,,0
B,uploaded,ASVS,V4.4.4,not-applicable,,0
B,uploaded,ASVS,V5.1.1,not-applicable,,0
B,uploaded,ASVS,V5.2.1,not-applicable,,0
B,uploaded,ASVS,V5.2.2,not-applicable,,0
B,uploaded,ASVS,V5.2.3,not-applicable,,0
B,uploaded,ASVS,V5.2.4,out-of-level,,0
B,uploaded,ASVS,V5.2.5,out-of-level,,0
B,uploaded,ASVS,V5.2.6,out-of-level,,0
B,uploaded,ASVS,V5.3.1,not-applicable,,0
B,uploaded,ASVS,V5.3.2,not-applicable,,0
B,uploaded,ASVS,V5.3.3,out-of-level,,0
B,uploaded,ASVS,V5.4.1,not-applicable,,0
B,uploaded,ASVS,V5.4.2,not-applicable,,0
B,uploaded,ASVS,V5.4.3,not-applicable,,0
B,uploaded,ASVS,V6.1.1,partial,config,1
B,uploaded,ASVS,V6.1.2,partial,ai-review|config,2
B,uploaded,ASVS,V6.1.3,partial,config,1
B,uploaded,ASVS,V6.2.1,ai-assessed,ai-review,1
B,uploaded,ASVS,V6.2.2,ai-assessed,ai-review,1
B,uploaded,ASVS,V6.2.3,ai-assessed,ai-review,1
B,uploaded,ASVS,V6.2.4,ai-assessed,ai-review,1
B,uploaded,ASVS,V6.2.5,ai-assessed,ai-review,1
B,uploaded,ASVS,V6.2.6,ai-assessed,ai-review,1
B,uploaded,ASVS,V6.2.7,ai-assessed,ai-review,1
B,uploaded,ASVS,V6.2.8,not-verified,,0
B,uploaded,ASVS,V6.2.9,ai-assessed,ai-review,1
B,uploaded,ASVS,V6.2.10,ai-assessed,ai-review,1
B,uploaded,ASVS,V6.2.11,not-verified,,0
B,uploaded,ASVS,V6.2.12,not-verified,,0
B,uploaded,ASVS,V6.3.1,ai-assessed,ai-review,1
B,uploaded,ASVS,V6.3.2,not-verified,,0
B,uploaded,ASVS,V6.3.3,not-verified,,0
B,uploaded,ASVS,V6.3.4,not-verified,,0
B,uploaded,ASVS,V6.3.5,out-of-level,,0
B,uploaded,ASVS,V6.3.6,out-of-level,,0
B,uploaded,ASVS,V6.3.7,out-of-level,,0
B,uploaded,ASVS,V6.3.8,out-of-level,,0
B,uploaded,ASVS,V6.4.1,not-verified,,0
B,uploaded,ASVS,V6.4.2,not-verified,,0
B,uploaded,ASVS,V6.4.3,ai-assessed,ai-review,1
B,uploaded,ASVS,V6.4.4,not-verified,,0
B,uploaded,ASVS,V6.4.5,out-of-level,,0
B,uploaded,ASVS,V6.4.6,out-of-level,,0
B,uploaded,ASVS,V6.5.1,not-verified,,0
B,uploaded,ASVS,V6.5.2,not-verified,,0
B,uploaded,ASVS,V6.5.3,not-verified,,0
B,uploaded,ASVS,V6.5.4,ai-assessed,ai-review,1
B,uploaded,ASVS,V6.5.5,ai-assessed,ai-review,1
B,uploaded,ASVS,V6.5.6,out-of-level,,0
B,uploaded,ASVS,V6.5.7,out-of-level,,0
B,uploaded,ASVS,V6.5.8,out-of-level,,0
B,uploaded,ASVS,V6.6.1,not-applicable,,0
B,uploaded,ASVS,V6.6.2,not-applicable,,0
B,uploaded,ASVS,V6.6.3,not-verified,,0
B,uploaded,ASVS,V6.6.4,out-of-level,,0
B,uploaded,ASVS,V6.7.1,out-of-level,,0
B,uploaded,ASVS,V6.7.2,out-of-level,,0
B,uploaded,ASVS,V6.8.1,not-applicable,,0
B,uploaded,ASVS,V6.8.2,not-applicable,,0
B,uploaded,ASVS,V6.8.3,not-applicable,,0
B,uploaded,ASVS,V6.8.4,not-applicable,,0
B,uploaded,ASVS,V7.1.1,partial,config,1
B,uploaded,ASVS,V7.1.2,partial,ai-review|config,2
B,uploaded,ASVS,V7.1.3,not-applicable,,0
B,uploaded,ASVS,V7.2.1,ai-assessed,ai-review,1
B,uploaded,ASVS,V7.2.2,not-verified,,0
B,uploaded,ASVS,V7.2.3,not-verified,,0
B,uploaded,ASVS,V7.2.4,not-verified,,0
B,uploaded,ASVS,V7.3.1,not-verified,,0
B,uploaded,ASVS,V7.3.2,not-verified,,0
B,uploaded,ASVS,V7.4.1,not-verified,,0
B,uploaded,ASVS,V7.4.2,not-verified,,0
B,uploaded,ASVS,V7.4.3,not-verified,,0
B,uploaded,ASVS,V7.4.4,ai-assessed,ai-review,1
B,uploaded,ASVS,V7.4.5,ai-assessed,ai-review,1
B,uploaded,ASVS,V7.5.1,not-verified,,0
B,uploaded,ASVS,V7.5.2,not-verified,,0
B,uploaded,ASVS,V7.5.3,out-of-level,,0
B,uploaded,ASVS,V7.6.1,not-applicable,,0
B,uploaded,ASVS,V7.6.2,not-applicable,,0
B,uploaded,ASVS,V8.1.1,not-verified,,0
B,uploaded,ASVS,V8.1.2,not-verified,,0
B,uploaded,ASVS,V8.1.3,out-of-level,,0
B,uploaded,ASVS,V8.1.4,out-of-level,,0
B,uploaded,ASVS,V8.2.1,not-verified,,0
B,uploaded,ASVS,V8.2.2,not-verified,,0
B,uploaded,ASVS,V8.2.3,ai-assessed,ai-review,1
B,uploaded,ASVS,V8.2.4,out-of-level,,0
B,uploaded,ASVS,V8.3.1,not-verified,,0
B,uploaded,ASVS,V8.3.2,out-of-level,,0
B,uploaded,ASVS,V8.3.3,out-of-level,,0
B,uploaded,ASVS,V8.4.1,not-applicable,,0
B,uploaded,ASVS,V8.4.2,out-of-level,,0
B,uploaded,ASVS,V9.1.1,not-applicable,,0
B,uploaded,ASVS,V9.1.2,not-applicable,,0
B,uploaded,ASVS,V9.1.3,not-applicable,,0
B,uploaded,ASVS,V9.2.1,not-applicable,,0
B,uploaded,ASVS,V9.2.2,not-applicable,,0
B,uploaded,ASVS,V9.2.3,not-applicable,,0
B,uploaded,ASVS,V9.2.4,not-applicable,,0
B,uploaded,ASVS,V10.1.1,not-applicable,,0
B,uploaded,ASVS,V10.1.2,not-applicable,,0
B,uploaded,ASVS,V10.2.1,not-applicable,,0
B,uploaded,ASVS,V10.2.2,not-applicable,,0
B,uploaded,ASVS,V10.2.3,out-of-level,,0
B,uploaded,ASVS,V10.3.1,not-applicable,,0
B,uploaded,ASVS,V10.3.2,not-applicable,,0
B,uploaded,ASVS,V10.3.3,not-applicable,,0
B,uploaded,ASVS,V10.3.4,not-applicable,,0
B,uploaded,ASVS,V10.3.5,out-of-level,,0
B,uploaded,ASVS,V10.4.1,not-applicable,,0
B,uploaded,ASVS,V10.4.2,not-applicable,,0
B,uploaded,ASVS,V10.4.3,not-applicable,,0
B,uploaded,ASVS,V10.4.4,not-applicable,,0
B,uploaded,ASVS,V10.4.5,not-applicable,,0
B,uploaded,ASVS,V10.4.6,not-applicable,,0
B,uploaded,ASVS,V10.4.7,not-applicable,,0
B,uploaded,ASVS,V10.4.8,not-applicable,,0
B,uploaded,ASVS,V10.4.9,not-applicable,,0
B,uploaded,ASVS,V10.4.10,not-applicable,,0
B,uploaded,ASVS,V10.4.11,not-applicable,,0
B,uploaded,ASVS,V10.4.12,out-of-level,,0
B,uploaded,ASVS,V10.4.13,out-of-level,,0
B,uploaded,ASVS,V10.4.14,out-of-level,,0
B,uploaded,ASVS,V10.4.15,out-of-level,,0
B,uploaded,ASVS,V10.4.16,out-of-level,,0
B,uploaded,ASVS,V10.5.1,not-applicable,,0
B,uploaded,ASVS,V10.5.2,not-applicable,,0
B,uploaded,ASVS,V10.5.3,not-applicable,,0
B,uploaded,ASVS,V10.5.4,not-applicable,,0
B,uploaded,ASVS,V10.5.5,not-applicable,,0
B,uploaded,ASVS,V10.6.1,not-applicable,,0
B,uploaded,ASVS,V10.6.2,not-applicable,,0
B,uploaded,ASVS,V10.7.1,not-applicable,,0
B,uploaded,ASVS,V10.7.2,not-applicable,,0
B,uploaded,ASVS,V10.7.3,not-applicable,,0
B,uploaded,ASVS,V11.1.1,not-verified,,0
B,uploaded,ASVS,V11.1.2,not-verified,,0
B,uploaded,ASVS,V11.1.3,out-of-level,,0
B,uploaded,ASVS,V11.1.4,out-of-level,,0
B,uploaded,ASVS,V11.2.1,partial,ai-review|scanner,2
B,uploaded,ASVS,V11.2.2,not-verified,,0
B,uploaded,ASVS,V11.2.3,not-verified,,0
B,uploaded,ASVS,V11.2.4,out-of-level,,0
B,uploaded,ASVS,V11.2.5,out-of-level,,0
B,uploaded,ASVS,V11.3.1,ai-assessed,ai-review,1
B,uploaded,ASVS,V11.3.2,not-verified,,0
B,uploaded,ASVS,V11.3.3,not-verified,,0
B,uploaded,ASVS,V11.3.4,out-of-level,,0
B,uploaded,ASVS,V11.3.5,out-of-level,,0
B,uploaded,ASVS,V11.4.1,partial,scanner,1
B,uploaded,ASVS,V11.4.2,ai-assessed,ai-review,1
B,uploaded,ASVS,V11.4.3,not-verified,,0
B,uploaded,ASVS,V11.4.4,ai-assessed,ai-review,1
B,uploaded,ASVS,V11.5.1,not-verified,,0
B,uploaded,ASVS,V11.5.2,out-of-level,,0
B,uploaded,ASVS,V11.6.1,ai-assessed,ai-review,1
B,uploaded,ASVS,V11.6.2,out-of-level,,0
B,uploaded,ASVS,V11.7.1,out-of-level,,0
B,uploaded,ASVS,V11.7.2,out-of-level,,0
B,uploaded,ASVS,V12.1.1,not-applicable,,0
B,uploaded,ASVS,V12.1.2,not-applicable,,0
B,uploaded,ASVS,V12.1.3,not-applicable,,0
B,uploaded,ASVS,V12.1.4,out-of-level,,0
B,uploaded,ASVS,V12.1.5,out-of-level,,0
B,uploaded,ASVS,V12.2.1,not-applicable,,0
B,uploaded,ASVS,V12.2.2,not-applicable,,0
B,uploaded,ASVS,V12.3.1,not-applicable,,0
B,uploaded,ASVS,V12.3.2,not-applicable,,0
B,uploaded,ASVS,V12.3.3,not-applicable,,0
B,uploaded,ASVS,V12.3.4,not-applicable,,0
B,uploaded,ASVS,V12.3.5,out-of-level,,0
B,uploaded,ASVS,V13.1.1,partial,config,1
B,uploaded,ASVS,V13.1.2,out-of-level,,0
B,uploaded,ASVS,V13.1.3,out-of-level,,0
B,uploaded,ASVS,V13.1.4,out-of-level,,0
B,uploaded,ASVS,V13.2.1,not-applicable,,0
B,uploaded,ASVS,V13.2.2,not-applicable,,0
B,uploaded,ASVS,V13.2.3,fail,ai-review|config,2
B,uploaded,ASVS,V13.2.4,not-applicable,,0
B,uploaded,ASVS,V13.2.5,not-applicable,,0
B,uploaded,ASVS,V13.2.6,out-of-level,,0
B,uploaded,ASVS,V13.3.1,not-verified,ai-review|config,2
B,uploaded,ASVS,V13.3.2,ai-assessed,ai-review,1
B,uploaded,ASVS,V13.3.3,out-of-level,,0
B,uploaded,ASVS,V13.3.4,out-of-level,,0
B,uploaded,ASVS,V13.4.1,not-verified,,0
B,uploaded,ASVS,V13.4.2,not-verified,,0
B,uploaded,ASVS,V13.4.3,not-verified,,0
B,uploaded,ASVS,V13.4.4,ai-assessed,ai-review,1
B,uploaded,ASVS,V13.4.5,not-verified,,0
B,uploaded,ASVS,V13.4.6,out-of-level,,0
B,uploaded,ASVS,V13.4.7,out-of-level,,0
B,uploaded,ASVS,V14.1.1,partial,config,1
B,uploaded,ASVS,V14.1.2,partial,config,1
B,uploaded,ASVS,V14.2.1,ai-assessed,ai-review,1
B,uploaded,ASVS,V14.2.2,not-verified,,0
B,uploaded,ASVS,V14.2.3,not-verified,ai-review,1
B,uploaded,ASVS,V14.2.4,not-verified,,0
B,uploaded,ASVS,V14.2.5,out-of-level,,0
B,uploaded,ASVS,V14.2.6,out-of-level,,0
B,uploaded,ASVS,V14.2.7,out-of-level,,0
B,uploaded,ASVS,V14.2.8,out-of-level,,0
B,uploaded,ASVS,V14.3.1,not-verified,,0
B,uploaded,ASVS,V14.3.2,not-verified,,0
B,uploaded,ASVS,V14.3.3,not-verified,,0
B,uploaded,ASVS,V15.1.1,partial,config,1
B,uploaded,ASVS,V15.1.2,fail,config,2
B,uploaded,ASVS,V15.1.3,not-verified,,0
B,uploaded,ASVS,V15.1.4,out-of-level,,0
B,uploaded,ASVS,V15.1.5,out-of-level,,0
B,uploaded,ASVS,V15.2.1,partial,config,1
B,uploaded,ASVS,V15.2.2,ai-assessed,ai-review,1
B,uploaded,ASVS,V15.2.3,not-verified,,0
B,uploaded,ASVS,V15.2.4,out-of-level,,0
B,uploaded,ASVS,V15.2.5,out-of-level,,0
B,uploaded,ASVS,V15.3.1,ai-assessed,ai-review,1
B,uploaded,ASVS,V15.3.2,not-applicable,,0
B,uploaded,ASVS,V15.3.3,not-verified,,0
B,uploaded,ASVS,V15.3.4,not-verified,,0
B,uploaded,ASVS,V15.3.5,partial,ai-review,1
B,uploaded,ASVS,V15.3.6,partial,scanner,1
B,uploaded,ASVS,V15.3.7,not-verified,,0
B,uploaded,ASVS,V15.4.1,out-of-level,,0
B,uploaded,ASVS,V15.4.2,out-of-level,,0
B,uploaded,ASVS,V15.4.3,out-of-level,,0
B,uploaded,ASVS,V15.4.4,out-of-level,,0
B,uploaded,ASVS,V16.1.1,partial,ai-review|config,2
B,uploaded,ASVS,V16.2.1,ai-assessed,ai-review,1
B,uploaded,ASVS,V16.2.2,ai-assessed,ai-review,1
B,uploaded,ASVS,V16.2.3,ai-assessed,ai-review,1
B,uploaded,ASVS,V16.2.4,ai-assessed,ai-review,1
B,uploaded,ASVS,V16.2.5,ai-assessed,ai-review,1
B,uploaded,ASVS,V16.3.1,ai-assessed,ai-review,1
B,uploaded,ASVS,V16.3.2,ai-assessed,ai-review,1
B,uploaded,ASVS,V16.3.3,not-verified,,0
B,uploaded,ASVS,V16.3.4,ai-assessed,ai-review,1
B,uploaded,ASVS,V16.4.1,not-verified,,0
B,uploaded,ASVS,V16.4.2,not-verified,,0
B,uploaded,ASVS,V16.4.3,not-verified,,0
B,uploaded,ASVS,V16.5.1,not-verified,,0
B,uploaded,ASVS,V16.5.2,not-applicable,,0
B,uploaded,ASVS,V16.5.3,not-verified,,0
B,uploaded,ASVS,V16.5.4,out-of-level,,0
B,uploaded,ASVS,V17.1.1,not-applicable,,0
B,uploaded,ASVS,V17.1.2,out-of-level,,0
B,uploaded,ASVS,V17.2.1,not-applicable,,0
B,uploaded,ASVS,V17.2.2,not-applicable,,0
B,uploaded,ASVS,V17.2.3,not-applicable,,0
B,uploaded,ASVS,V17.2.4,not-applicable,,0
B,uploaded,ASVS,V17.2.5,out-of-level,,0
B,uploaded,ASVS,V17.2.6,out-of-level,,0
B,uploaded,ASVS,V17.2.7,out-of-level,,0
B,uploaded,ASVS,V17.2.8,out-of-level,,0
B,uploaded,ASVS,V17.3.1,not-applicable,,0
B,uploaded,ASVS,V17.3.2,not-applicable,,0
C,uploaded,ASVS,V1.1.1,not-verified,,0
C,uploaded,ASVS,V1.1.2,not-verified,,0
C,uploaded,ASVS,V1.2.1,fail,,0
C,uploaded,ASVS,V1.2.2,partial,scanner,1
C,uploaded,ASVS,V1.2.3,partial,scanner,1
C,uploaded,ASVS,V1.2.4,partial,scanner,1
C,uploaded,ASVS,V1.2.5,partial,scanner,1
C,uploaded,ASVS,V1.2.6,not-applicable,,0
C,uploaded,ASVS,V1.2.7,not-applicable,,0
C,uploaded,ASVS,V1.2.8,not-applicable,,0
C,uploaded,ASVS,V1.2.9,not-verified,,0
C,uploaded,ASVS,V1.2.10,out-of-level,,0
C,uploaded,ASVS,V1.3.1,not-applicable,,0
C,uploaded,ASVS,V1.3.2,partial,scanner,1
C,uploaded,ASVS,V1.3.3,not-verified,,0
C,uploaded,ASVS,V1.3.4,not-applicable,,0
C,uploaded,ASVS,V1.3.5,not-applicable,,0
C,uploaded,ASVS,V1.3.6,partial,scanner,1
C,uploaded,ASVS,V1.3.7,not-verified,,0
C,uploaded,ASVS,V1.3.8,not-applicable,,0
C,uploaded,ASVS,V1.3.9,not-applicable,,0
C,uploaded,ASVS,V1.3.10,not-applicable,,0
C,uploaded,ASVS,V1.3.11,not-applicable,,0
C,uploaded,ASVS,V1.3.12,out-of-level,,0
C,uploaded,ASVS,V1.4.1,not-applicable,,0
C,uploaded,ASVS,V1.4.2,not-applicable,,0
C,uploaded,ASVS,V1.4.3,not-applicable,,0
C,uploaded,ASVS,V1.5.1,not-applicable,,0
C,uploaded,ASVS,V1.5.2,not-verified,,0
C,uploaded,ASVS,V1.5.3,out-of-level,,0
C,uploaded,ASVS,V2.1.1,fail,config,1
C,uploaded,ASVS,V2.1.2,not-verified,,0
C,uploaded,ASVS,V2.1.3,fail,config,1
C,uploaded,ASVS,V2.2.1,not-verified,,0
C,uploaded,ASVS,V2.2.2,not-verified,,0
C,uploaded,ASVS,V2.2.3,not-verified,,0
C,uploaded,ASVS,V2.3.1,not-verified,,0
C,uploaded,ASVS,V2.3.2,not-verified,,0
C,uploaded,ASVS,V2.3.3,not-verified,,0
C,uploaded,ASVS,V2.3.4,not-verified,,0
C,uploaded,ASVS,V2.3.5,out-of-level,,0
C,uploaded,ASVS,V2.4.1,not-verified,,0
C,uploaded,ASVS,V2.4.2,out-of-level,,0
C,uploaded,ASVS,V3.1.1,out-of-level,,0
C,uploaded,ASVS,V3.2.1,not-applicable,,0
C,uploaded,ASVS,V3.2.2,fail,,0
C,uploaded,ASVS,V3.2.3,out-of-level,,0
C,uploaded,ASVS,V3.3.1,not-applicable,,0
C,uploaded,ASVS,V3.3.2,not-applicable,,0
C,uploaded,ASVS,V3.3.3,not-applicable,,0
C,uploaded,ASVS,V3.3.4,not-applicable,,0
C,uploaded,ASVS,V3.3.5,out-of-level,,0
C,uploaded,ASVS,V3.4.1,not-applicable,,0
C,uploaded,ASVS,V3.4.2,not-verified,,0
C,uploaded,ASVS,V3.4.3,fail,,0
C,uploaded,ASVS,V3.4.4,not-verified,,0
C,uploaded,ASVS,V3.4.5,not-verified,,0
C,uploaded,ASVS,V3.4.6,not-verified,,0
C,uploaded,ASVS,V3.4.7,out-of-level,,0
C,uploaded,ASVS,V3.4.8,out-of-level,,0
C,uploaded,ASVS,V3.5.1,not-applicable,,0
C,uploaded,ASVS,V3.5.2,not-verified,,0
C,uploaded,ASVS,V3.5.3,not-applicable,,0
C,uploaded,ASVS,V3.5.4,not-applicable,,0
C,uploaded,ASVS,V3.5.5,not-applicable,,0
C,uploaded,ASVS,V3.5.6,out-of-level,,0
C,uploaded,ASVS,V3.5.7,out-of-level,,0
C,uploaded,ASVS,V3.5.8,out-of-level,,0
C,uploaded,ASVS,V3.6.1,out-of-level,,0
C,uploaded,ASVS,V3.7.1,not-verified,,0
C,uploaded,ASVS,V3.7.2,not-verified,,0
C,uploaded,ASVS,V3.7.3,out-of-level,,0
C,uploaded,ASVS,V3.7.4,out-of-level,,0
C,uploaded,ASVS,V3.7.5,out-of-level,,0
C,uploaded,ASVS,V4.1.1,not-verified,,0
C,uploaded,ASVS,V4.1.2,not-applicable,,0
C,uploaded,ASVS,V4.1.3,not-verified,,0
C,uploaded,ASVS,V4.1.4,out-of-level,,0
C,uploaded,ASVS,V4.1.5,out-of-level,,0
C,uploaded,ASVS,V4.2.1,not-verified,,0
C,uploaded,ASVS,V4.2.2,out-of-level,,0
C,uploaded,ASVS,V4.2.3,out-of-level,,0
C,uploaded,ASVS,V4.2.4,out-of-level,,0
C,uploaded,ASVS,V4.2.5,out-of-level,,0
C,uploaded,ASVS,V4.3.1,not-applicable,,0
C,uploaded,ASVS,V4.3.2,not-applicable,,0
C,uploaded,ASVS,V4.4.1,not-applicable,,0
C,uploaded,ASVS,V4.4.2,not-applicable,,0
C,uploaded,ASVS,V4.4.3,not-applicable,,0
C,uploaded,ASVS,V4.4.4,not-applicable,,0
C,uploaded,ASVS,V5.1.1,not-applicable,,0
C,uploaded,ASVS,V5.2.1,not-applicable,,0
C,uploaded,ASVS,V5.2.2,not-applicable,,0
C,uploaded,ASVS,V5.2.3,not-applicable,,0
C,uploaded,ASVS,V5.2.4,out-of-level,,0
C,uploaded,ASVS,V5.2.5,out-of-level,,0
C,uploaded,ASVS,V5.2.6,out-of-level,,0
C,uploaded,ASVS,V5.3.1,not-applicable,,0
C,uploaded,ASVS,V5.3.2,not-applicable,,0
C,uploaded,ASVS,V5.3.3,out-of-level,,0
C,uploaded,ASVS,V5.4.1,not-applicable,,0
C,uploaded,ASVS,V5.4.2,not-applicable,,0
C,uploaded,ASVS,V5.4.3,not-applicable,,0
C,uploaded,ASVS,V6.1.1,not-applicable,,0
C,uploaded,ASVS,V6.1.2,not-applicable,,0
C,uploaded,ASVS,V6.1.3,not-applicable,,0
C,uploaded,ASVS,V6.2.1,not-applicable,,0
C,uploaded,ASVS,V6.2.2,not-applicable,,0
C,uploaded,ASVS,V6.2.3,not-applicable,,0
C,uploaded,ASVS,V6.2.4,not-applicable,,0
C,uploaded,ASVS,V6.2.5,not-applicable,,0
C,uploaded,ASVS,V6.2.6,not-applicable,,0
C,uploaded,ASVS,V6.2.7,not-applicable,,0
C,uploaded,ASVS,V6.2.8,not-applicable,,0
C,uploaded,ASVS,V6.2.9,not-applicable,,0
C,uploaded,ASVS,V6.2.10,not-applicable,,0
C,uploaded,ASVS,V6.2.11,not-applicable,,0
C,uploaded,ASVS,V6.2.12,not-applicable,,0
C,uploaded,ASVS,V6.3.1,not-applicable,,0
C,uploaded,ASVS,V6.3.2,not-applicable,,0
C,uploaded,ASVS,V6.3.3,not-applicable,,0
C,uploaded,ASVS,V6.3.4,not-applicable,,0
C,uploaded,ASVS,V6.3.5,out-of-level,,0
C,uploaded,ASVS,V6.3.6,out-of-level,,0
C,uploaded,ASVS,V6.3.7,out-of-level,,0
C,uploaded,ASVS,V6.3.8,out-of-level,,0
C,uploaded,ASVS,V6.4.1,not-applicable,,0
C,uploaded,ASVS,V6.4.2,not-applicable,,0
C,uploaded,ASVS,V6.4.3,not-applicable,,0
C,uploaded,ASVS,V6.4.4,not-applicable,,0
C,uploaded,ASVS,V6.4.5,out-of-level,,0
C,uploaded,ASVS,V6.4.6,out-of-level,,0
C,uploaded,ASVS,V6.5.1,not-applicable,,0
C,uploaded,ASVS,V6.5.2,not-applicable,,0
C,uploaded,ASVS,V6.5.3,not-applicable,,0
C,uploaded,ASVS,V6.5.4,not-applicable,,0
C,uploaded,ASVS,V6.5.5,not-applicable,,0
C,uploaded,ASVS,V6.5.6,out-of-level,,0
C,uploaded,ASVS,V6.5.7,out-of-level,,0
C,uploaded,ASVS,V6.5.8,out-of-level,,0
C,uploaded,ASVS,V6.6.1,not-applicable,,0
C,uploaded,ASVS,V6.6.2,not-applicable,,0
C,uploaded,ASVS,V6.6.3,not-applicable,,0
C,uploaded,ASVS,V6.6.4,out-of-level,,0
C,uploaded,ASVS,V6.7.1,out-of-level,,0
C,uploaded,ASVS,V6.7.2,out-of-level,,0
C,uploaded,ASVS,V6.8.1,not-applicable,,0
C,uploaded,ASVS,V6.8.2,not-applicable,,0
C,uploaded,ASVS,V6.8.3,not-applicable,,0
C,uploaded,ASVS,V6.8.4,not-applicable,,0
C,uploaded,ASVS,V7.1.1,not-applicable,,0
C,uploaded,ASVS,V7.1.2,not-applicable,,0
C,uploaded,ASVS,V7.1.3,not-applicable,,0
C,uploaded,ASVS,V7.2.1,not-applicable,,0
C,uploaded,ASVS,V7.2.2,not-applicable,,0
C,uploaded,ASVS,V7.2.3,not-applicable,,0
C,uploaded,ASVS,V7.2.4,not-applicable,,0
C,uploaded,ASVS,V7.3.1,not-applicable,,0
C,uploaded,ASVS,V7.3.2,not-applicable,,0
C,uploaded,ASVS,V7.4.1,not-applicable,,0
C,uploaded,ASVS,V7.4.2,not-applicable,,0
C,uploaded,ASVS,V7.4.3,not-applicable,,0
C,uploaded,ASVS,V7.4.4,not-applicable,,0
C,uploaded,ASVS,V7.4.5,not-applicable,,0
C,uploaded,ASVS,V7.5.1,not-applicable,,0
C,uploaded,ASVS,V7.5.2,not-applicable,,0
C,uploaded,ASVS,V7.5.3,out-of-level,,0
C,uploaded,ASVS,V7.6.1,not-applicable,,0
C,uploaded,ASVS,V7.6.2,not-applicable,,0
C,uploaded,ASVS,V8.1.1,not-verified,,0
C,uploaded,ASVS,V8.1.2,not-verified,,0
C,uploaded,ASVS,V8.1.3,out-of-level,,0
C,uploaded,ASVS,V8.1.4,out-of-level,,0
C,uploaded,ASVS,V8.2.1,not-verified,,0
C,uploaded,ASVS,V8.2.2,not-applicable,,0
C,uploaded,ASVS,V8.2.3,not-verified,,0
C,uploaded,ASVS,V8.2.4,out-of-level,,0
C,uploaded,ASVS,V8.3.1,not-verified,,0
C,uploaded,ASVS,V8.3.2,out-of-level,,0
C,uploaded,ASVS,V8.3.3,out-of-level,,0
C,uploaded,ASVS,V8.4.1,not-applicable,,0
C,uploaded,ASVS,V8.4.2,out-of-level,,0
C,uploaded,ASVS,V9.1.1,not-applicable,,0
C,uploaded,ASVS,V9.1.2,not-applicable,,0
C,uploaded,ASVS,V9.1.3,not-applicable,,0
C,uploaded,ASVS,V9.2.1,not-applicable,,0
C,uploaded,ASVS,V9.2.2,not-applicable,,0
C,uploaded,ASVS,V9.2.3,not-applicable,,0
C,uploaded,ASVS,V9.2.4,not-applicable,,0
C,uploaded,ASVS,V10.1.1,not-applicable,,0
C,uploaded,ASVS,V10.1.2,not-applicable,,0
C,uploaded,ASVS,V10.2.1,not-applicable,,0
C,uploaded,ASVS,V10.2.2,not-applicable,,0
C,uploaded,ASVS,V10.2.3,out-of-level,,0
C,uploaded,ASVS,V10.3.1,not-applicable,,0
C,uploaded,ASVS,V10.3.2,not-applicable,,0
C,uploaded,ASVS,V10.3.3,not-applicable,,0
C,uploaded,ASVS,V10.3.4,not-applicable,,0
C,uploaded,ASVS,V10.3.5,out-of-level,,0
C,uploaded,ASVS,V10.4.1,not-applicable,,0
C,uploaded,ASVS,V10.4.2,not-applicable,,0
C,uploaded,ASVS,V10.4.3,not-applicable,,0
C,uploaded,ASVS,V10.4.4,not-applicable,,0
C,uploaded,ASVS,V10.4.5,not-applicable,,0
C,uploaded,ASVS,V10.4.6,not-applicable,,0
C,uploaded,ASVS,V10.4.7,not-applicable,,0
C,uploaded,ASVS,V10.4.8,not-applicable,,0
C,uploaded,ASVS,V10.4.9,not-applicable,,0
C,uploaded,ASVS,V10.4.10,not-applicable,,0
C,uploaded,ASVS,V10.4.11,not-applicable,,0
C,uploaded,ASVS,V10.4.12,out-of-level,,0
C,uploaded,ASVS,V10.4.13,out-of-level,,0
C,uploaded,ASVS,V10.4.14,out-of-level,,0
C,uploaded,ASVS,V10.4.15,out-of-level,,0
C,uploaded,ASVS,V10.4.16,out-of-level,,0
C,uploaded,ASVS,V10.5.1,not-applicable,,0
C,uploaded,ASVS,V10.5.2,not-applicable,,0
C,uploaded,ASVS,V10.5.3,not-applicable,,0
C,uploaded,ASVS,V10.5.4,not-applicable,,0
C,uploaded,ASVS,V10.5.5,not-applicable,,0
C,uploaded,ASVS,V10.6.1,not-applicable,,0
C,uploaded,ASVS,V10.6.2,not-applicable,,0
C,uploaded,ASVS,V10.7.1,not-applicable,,0
C,uploaded,ASVS,V10.7.2,not-applicable,,0
C,uploaded,ASVS,V10.7.3,not-applicable,,0
C,uploaded,ASVS,V11.1.1,not-verified,,0
C,uploaded,ASVS,V11.1.2,not-verified,,0
C,uploaded,ASVS,V11.1.3,out-of-level,,0
C,uploaded,ASVS,V11.1.4,out-of-level,,0
C,uploaded,ASVS,V11.2.1,partial,scanner,1
C,uploaded,ASVS,V11.2.2,not-verified,,0
C,uploaded,ASVS,V11.2.3,not-verified,,0
C,uploaded,ASVS,V11.2.4,out-of-level,,0
C,uploaded,ASVS,V11.2.5,out-of-level,,0
C,uploaded,ASVS,V11.3.1,not-verified,,0
C,uploaded,ASVS,V11.3.2,not-verified,,0
C,uploaded,ASVS,V11.3.3,not-verified,,0
C,uploaded,ASVS,V11.3.4,out-of-level,,0
C,uploaded,ASVS,V11.3.5,out-of-level,,0
C,uploaded,ASVS,V11.4.1,partial,scanner,1
C,uploaded,ASVS,V11.4.2,not-applicable,,0
C,uploaded,ASVS,V11.4.3,not-verified,,0
C,uploaded,ASVS,V11.4.4,not-applicable,,0
C,uploaded,ASVS,V11.5.1,not-verified,,0
C,uploaded,ASVS,V11.5.2,out-of-level,,0
C,uploaded,ASVS,V11.6.1,not-verified,,0
C,uploaded,ASVS,V11.6.2,out-of-level,,0
C,uploaded,ASVS,V11.7.1,out-of-level,,0
C,uploaded,ASVS,V11.7.2,out-of-level,,0
C,uploaded,ASVS,V12.1.1,not-applicable,,0
C,uploaded,ASVS,V12.1.2,not-applicable,,0
C,uploaded,ASVS,V12.1.3,not-applicable,,0
C,uploaded,ASVS,V12.1.4,out-of-level,,0
C,uploaded,ASVS,V12.1.5,out-of-level,,0
C,uploaded,ASVS,V12.2.1,not-applicable,,0
C,uploaded,ASVS,V12.2.2,not-applicable,,0
C,uploaded,ASVS,V12.3.1,not-verified,,0
C,uploaded,ASVS,V12.3.2,not-verified,,0
C,uploaded,ASVS,V12.3.3,not-verified,,0
C,uploaded,ASVS,V12.3.4,not-verified,,0
C,uploaded,ASVS,V12.3.5,out-of-level,,0
C,uploaded,ASVS,V13.1.1,fail,config,1
C,uploaded,ASVS,V13.1.2,out-of-level,,0
C,uploaded,ASVS,V13.1.3,out-of-level,,0
C,uploaded,ASVS,V13.1.4,out-of-level,,0
C,uploaded,ASVS,V13.2.1,not-verified,,0
C,uploaded,ASVS,V13.2.2,not-verified,,0
C,uploaded,ASVS,V13.2.3,fail,config,1
C,uploaded,ASVS,V13.2.4,not-verified,,0
C,uploaded,ASVS,V13.2.5,not-verified,,0
C,uploaded,ASVS,V13.2.6,out-of-level,,0
C,uploaded,ASVS,V13.3.1,not-verified,config,1
C,uploaded,ASVS,V13.3.2,not-verified,,0
C,uploaded,ASVS,V13.3.3,out-of-level,,0
C,uploaded,ASVS,V13.3.4,out-of-level,,0
C,uploaded,ASVS,V13.4.1,not-verified,,0
C,uploaded,ASVS,V13.4.2,not-verified,,0
C,uploaded,ASVS,V13.4.3,not-verified,,0
C,uploaded,ASVS,V13.4.4,not-verified,,0
C,uploaded,ASVS,V13.4.5,not-verified,,0
C,uploaded,ASVS,V13.4.6,out-of-level,,0
C,uploaded,ASVS,V13.4.7,out-of-level,,0
C,uploaded,ASVS,V14.1.1,fail,config,1
C,uploaded,ASVS,V14.1.2,fail,config,1
C,uploaded,ASVS,V14.2.1,fail,,0
C,uploaded,ASVS,V14.2.2,not-verified,,0
C,uploaded,ASVS,V14.2.3,not-verified,,0
C,uploaded,ASVS,V14.2.4,not-verified,,0
C,uploaded,ASVS,V14.2.5,out-of-level,,0
C,uploaded,ASVS,V14.2.6,out-of-level,,0
C,uploaded,ASVS,V14.2.7,out-of-level,,0
C,uploaded,ASVS,V14.2.8,out-of-level,,0
C,uploaded,ASVS,V14.3.1,not-applicable,,0
C,uploaded,ASVS,V14.3.2,not-applicable,,0
C,uploaded,ASVS,V14.3.3,not-verified,,0
C,uploaded,ASVS,V15.1.1,fail,config,1
C,uploaded,ASVS,V15.1.2,not-verified,,0
C,uploaded,ASVS,V15.1.3,not-verified,,0
C,uploaded,ASVS,V15.1.4,out-of-level,,0
C,uploaded,ASVS,V15.1.5,out-of-level,,0
C,uploaded,ASVS,V15.2.1,fail,config,1
C,uploaded,ASVS,V15.2.2,not-verified,,0
C,uploaded,ASVS,V15.2.3,not-verified,,0
C,uploaded,ASVS,V15.2.4,out-of-level,,0
C,uploaded,ASVS,V15.2.5,out-of-level,,0
C,uploaded,ASVS,V15.3.1,not-verified,,0
C,uploaded,ASVS,V15.3.2,not-verified,,0
C,uploaded,ASVS,V15.3.3,not-verified,,0
C,uploaded,ASVS,V15.3.4,not-verified,,0
C,uploaded,ASVS,V15.3.5,not-verified,,0
C,uploaded,ASVS,V15.3.6,partial,scanner,1
C,uploaded,ASVS,V15.3.7,not-verified,,0
C,uploaded,ASVS,V15.4.1,out-of-level,,0
C,uploaded,ASVS,V15.4.2,out-of-level,,0
C,uploaded,ASVS,V15.4.3,out-of-level,,0
C,uploaded,ASVS,V15.4.4,out-of-level,,0
C,uploaded,ASVS,V16.1.1,fail,config,1
C,uploaded,ASVS,V16.2.1,not-verified,,0
C,uploaded,ASVS,V16.2.2,not-verified,,0
C,uploaded,ASVS,V16.2.3,not-verified,,0
C,uploaded,ASVS,V16.2.4,not-verified,,0
C,uploaded,ASVS,V16.2.5,not-verified,,0
C,uploaded,ASVS,V16.3.1,not-verified,,0
C,uploaded,ASVS,V16.3.2,not-verified,,0
C,uploaded,ASVS,V16.3.3,not-verified,,0
C,uploaded,ASVS,V16.3.4,not-verified,,0
C,uploaded,ASVS,V16.4.1,not-verified,,0
C,uploaded,ASVS,V16.4.2,not-verified,,0
C,uploaded,ASVS,V16.4.3,not-verified,,0
C,uploaded,ASVS,V16.5.1,not-verified,,0
C,uploaded,ASVS,V16.5.2,not-verified,,0
C,uploaded,ASVS,V16.5.3,not-verified,,0
C,uploaded,ASVS,V16.5.4,out-of-level,,0
C,uploaded,ASVS,V17.1.1,not-applicable,,0
C,uploaded,ASVS,V17.1.2,out-of-level,,0
C,uploaded,ASVS,V17.2.1,not-applicable,,0
C,uploaded,ASVS,V17.2.2,not-applicable,,0
C,uploaded,ASVS,V17.2.3,not-applicable,,0
C,uploaded,ASVS,V17.2.4,not-applicable,,0
C,uploaded,ASVS,V17.2.5,out-of-level,,0
C,uploaded,ASVS,V17.2.6,out-of-level,,0
C,uploaded,ASVS,V17.2.7,out-of-level,,0
C,uploaded,ASVS,V17.2.8,out-of-level,,0
C,uploaded,ASVS,V17.3.1,not-applicable,,0
C,uploaded,ASVS,V17.3.2,not-applicable,,0
