id,part,severity,label,title,area,status,state,fixed_by,claim,open_pr,severity_as_written,label_as_written,found_by_two_reviewers,backlog_entry
S1,Safety of sv itself,critical,Reproduced,A backslash in a file name makes `sv bundle` read and zip files outside the app.,"files, outside tools and bundles","fixed by PR #555, merged 4 Oct 10:16 ET (47ec409)",fixed,"PR #555, merged 4 Oct 10:16 ET (47ec409)",PR #553 (claim in the entry),,Critical,Reproduced,no,part 1
S2,Safety of sv itself,high,Reproduced,The network fence lets the app reach the host through the bridge gateway.,running and probing apps,"open; claimed in PR #557, fix in PR #558 (open at the cut-off)",open,,PR #557,PR #558 (open at the cut-off),High,Reproduced on Colima,no,part 1
S3,Safety of sv itself,high,Reproduced,`sv notes` and `sv rules` write through symlinks to files outside the app.,MCP server and CLI,"open; claimed in PR #560, fix in PR #562 (open at the cut-off)",open,,PR #560,PR #562 (open at the cut-off),High,Reproduced,yes,part 1
S4,Safety of sv itself,high,Reproduced,`sv bundle` writes its zip through a symlink in the app's parent folder.,"files, outside tools and bundles","open; claimed in PR #560, fix in PR #562 (open at the cut-off)",open,,PR #560,PR #562 (open at the cut-off),High,Reproduced,no,part 1
S5,Safety of sv itself,high,Reproduced,"A report written to `out = "".""` overwrites the app's own files.",MCP server and CLI,"open; claimed in PR #560, fix in PR #562 (open at the cut-off)",open,,PR #560,PR #562 (open at the cut-off),High,Reproduced,no,part 1
S6,Safety of sv itself,high,Reproduced,"Tool reports go to fixed names in the shared temp folder, and a planted file is accepted as a real run.","files, outside tools and bundles",open; not claimed,open,,,,High,Reproduced,no,part 1
S7,Safety of sv itself,high,Reproduced,"Bandit follows symlinks that sv refuses, so text from outside the app reaches the report.","files, outside tools and bundles",open; not claimed,open,,,,High,Reproduced,no,part 1
S8,Safety of sv itself,high,Reproduced,"The bundle leaves out a file for holding a secret, but carries the secret in its own report.","files, outside tools and bundles",open; not claimed,open,,,,High,Reproduced,no,part 1
S9,Safety of sv itself,medium,Read,"The untrusted app has no resource limits, and its output is read without a cap.",running and probing apps,open; not claimed,open,,,,Medium,Read,no,part 1
S10,Safety of sv itself,medium,Read,"Run names come from the PID alone, and teardown removes containers by name.",running and probing apps,open; not claimed,open,,,,Medium,Read,no,part 1
S11,Safety of sv itself,medium,Plausible,"The browser's DevTools port may be reachable from the app, and the driver evaluates in the page's world.",running and probing apps,open; not claimed,open,,,,Medium,Plausible,no,part 1
S12,Safety of sv itself,medium,Reproduced,A named pipe in the app hangs sv indefinitely.,"files, outside tools and bundles","open; claimed in PR #563, no fix opened yet",open,,PR #563,,Medium,Reproduced,no,part 1
S13,Safety of sv itself,low,Reproduced,"`sv probe` accepts internal addresses, and curl globbing turns one URL into many requests.",running and probing apps,open; not claimed,open,,,,Low,Reproduced,no,part 1
H1,Honesty: false cleans and coverage overclaims,high,Reproduced,"`ast.sql-built-by-hand` misses the usual injection calls in five languages, but still marks V1.2.4 checked.","static code, secret and configuration checks",open; not claimed,open,,,,High,Reproduced,no,part 2
H2,Honesty: false cleans and coverage overclaims,high,Reproduced,"Code in Svelte and Vue templates is never read, yet the page counts as read.","static code, secret and configuration checks",open; not claimed,open,,,,High,Reproduced,no,part 2
H3,Honesty: false cleans and coverage overclaims,high,Reproduced,"The credential-assignment rule misses most real shapes, and `secrets.scan` is still cited as evidence.","static code, secret and configuration checks",open; not claimed,open,,,,High,Reproduced,no,part 2
H4,Honesty: false cleans and coverage overclaims,high,Reproduced,A workflow started by `issue_comment` that checks out PR code with secrets is credited AC.12.1.,"static code, secret and configuration checks",open; not claimed,open,,,,High,Reproduced,no,part 2
H5,Honesty: false cleans and coverage overclaims,high,Reproduced,"Next.js and modern Node redirect and file APIs are missed, but TypeScript coverage is claimed.","static code, secret and configuration checks",open; not claimed,open,,,,High,Reproduced,no,part 2
H6,Honesty: false cleans and coverage overclaims,high,Reproduced,"Folders with ordinary names, or holding a planted report marker, are silently left out of every check.","files, outside tools and bundles",open; not claimed,open,,,,High,Reproduced,yes,part 2
H7,Honesty: false cleans and coverage overclaims,high,Reproduced,"Bandit skipped a file it couldn't parse, and the clean result was credited.","files, outside tools and bundles",open; not claimed,open,,,,High,Reproduced,no,part 2
H8,Honesty: false cleans and coverage overclaims,high,Reproduced,"PyPI package names are not normalised, so `jupyter_server` never matches OSV's `jupyter-server`.",dependencies,open; not claimed,open,,,,High,Reproduced,no,part 2
H9,Honesty: false cleans and coverage overclaims,high,Reproduced,"Pipenv apps (Pipfile and Pipfile.lock only) are invisible, yet `advisory.` reports ran.",dependencies,open; not claimed,open,,,,High,Reproduced,no,part 2
H10,Honesty: false cleans and coverage overclaims,high,Reproduced,npm lockfile v1 reads only the top level; nested copies are dropped.,dependencies,open; not claimed,open,,,,High,Reproduced,no,part 2
H11,Honesty: false cleans and coverage overclaims,high,Reproduced,V15.2.1 is credited *checked* while `examined` says the package list is incomplete.,dependencies,open; not claimed,open,,,,High,Reproduced,no,part 2
H12,Honesty: false cleans and coverage overclaims,high,Read,"A plain-HTTP redirect to plain HTTP, or to a relative path, is credited as ""sends the browser to HTTPS"" (V12.2.1).",running and probing apps,open; not claimed,open,,,,High,Read,no,part 2
H13,Honesty: false cleans and coverage overclaims,high,Read,"HSTS is credited whatever its value, `max-age=0` included, and even on error answers (V3.4.1).",running and probing apps,open; not claimed,open,,,,High,Read,no,part 2
H14,Honesty: false cleans and coverage overclaims,high,Read,"The invented-session check alters whichever cookie came first, often the CSRF cookie, and credits V7.2.1.",running and probing apps,open; not claimed,open,,,,High,Read,no,part 2
H15,Honesty: false cleans and coverage overclaims,high,Read,"The rate-limit burst treats any 4xx as a limit (V2.4.1), and upload checks credit on any refusal.",running and probing apps,open; not claimed,open,,,,High,Read; triggers plausible,no,part 2
H16,Honesty: false cleans and coverage overclaims,medium,Plausible,Brute-force (V6.3.1) and code-guessing (V6.6.3) credits rest on one timing sample that includes `docker exec` overhead.,running and probing apps,open; not claimed,open,,,,Medium,Plausible,no,part 2
H17,Honesty: false cleans and coverage overclaims,medium,Read,"The error-page leak check (V13.4.2, V16.5.1) is credited after looking at only the first 4,000 characters.",running and probing apps,open; not claimed,open,,,,Medium,Read,no,part 2
H18,Honesty: false cleans and coverage overclaims,medium,Reproduced,"Range events are evaluated in file order, not version order.",dependencies,open; not claimed,open,,,,Medium,Reproduced with made-up records; affects real records,no,part 2
H19,Honesty: false cleans and coverage overclaims,medium,Read,"A matching advisory clears the ""could not compare"" flag left by earlier advisories.",dependencies,open; not claimed,open,,,,Medium,Read,no,part 2
H20,Honesty: false cleans and coverage overclaims,medium,Reproduced,RubyGems platform versions are compared as semver.,dependencies,open; not claimed,open,,,,Medium,Reproduced,no,part 2
H21,Honesty: false cleans and coverage overclaims,medium,Read,"Versionless dependencies are dropped silently from Pipfile.lock, pnpm v9 and Yarn.",dependencies,open; not claimed,open,,,,Medium,Read,no,part 2
H22,Honesty: false cleans and coverage overclaims,medium,Reproduced,One image or binary file means the credential scan never completes; non-UTF-8 text is never read.,"static code, secret and configuration checks",open; not claimed,open,,,,Medium,Reproduced,no,part 2
H23,Honesty: false cleans and coverage overclaims,medium,Reproduced,The .gitignore check fails on `/.env` and passes on `.env` followed by `!.env`; security.txt is not recognised.,"static code, secret and configuration checks",open; not claimed,open,,,,Medium,Reproduced,no,part 2
H24,Honesty: false cleans and coverage overclaims,medium,Reproduced,"pnpm lockfile v6.0 (`/name@version`) is not read; the ""v6"" test uses the v5 format.",dependencies,open; not claimed,open,,,,Medium,Reproduced; honestly reported as unread,no,part 2
H25,Honesty: false cleans and coverage overclaims,low,Read,One parse error in any file silences every AST rule for the whole app.,"static code, secret and configuration checks",open; not claimed,open,,,,Low–medium,Read,no,part 2
A1,Accuracy: false positives and noise,medium,Reproduced,"The SQL, redirect and file-path rules can't tell constants or checked values from input.","static code, secret and configuration checks",open; not claimed,open,,,,Medium,"Reproduced, and matches the study",no,part 3
A2,Accuracy: false positives and noise,medium,Read,"Fingerprints collide on identical lines, and survive changes to the line that actually matters.","manifest, requirements and reporting",open; not claimed,open,,,,Medium,Read,no,part 3
A3,Accuracy: false positives and noise,low,Reproduced,"go.sum is read as the installed versions, so superseded versions are reported.",dependencies,open; not claimed,open,,,,Low–medium,Reproduced,no,part 3
A4,Accuracy: false positives and noise,low,Read,Placeholder words match inside real keys.,"static code, secret and configuration checks",open; not claimed,open,,,,Low,Read,no,part 3
A5,Accuracy: false positives and noise,low,Read,Small inaccuracies in the secret rules data.,"static code, secret and configuration checks",open; not claimed,open,,,,Low,Read,no,part 3
A6,Accuracy: false positives and noise,medium,Reproduced,The bundle's name list misses common secret files.,"files, outside tools and bundles",open; not claimed,open,,,,Medium,Reproduced,no,part 3
R1,"Reviews, reports and exit codes",high,Reproduced,An AI tool can mark its own findings as reviewed by a person.,"manifest, requirements and reporting",open; not claimed,open,,,,High,Reproduced,yes,part 1
R2,"Reviews, reports and exit codes",high,Reproduced,"""Nothing here found a problem"" when a check found something and it was set aside.","manifest, requirements and reporting",open; not claimed,open,,,,High (with R1),Reproduced,no,part 1
R3,"Reviews, reports and exit codes",medium,Reproduced,"A review for a rule that wasn't run, or that this version doesn't have, is reported as ""the finding is gone"".","manifest, requirements and reporting",open; not claimed,open,,,,Medium–high,Reproduced,no,part 3
R4,"Reviews, reports and exit codes",medium,Reproduced,The credential fingerprint lets anyone confirm a guessed password offline.,"manifest, requirements and reporting",open; not claimed,open,,,,Medium,Reproduced,no,part 3
R5,"Reviews, reports and exit codes",medium,Reproduced,"The count tables and headline leave out attested, stated and by-hand, so they don't add up.","manifest, requirements and reporting",open; not claimed,open,,,,Medium,Reproduced,no,part 3
R6,"Reviews, reports and exit codes",high,Reproduced,`sv report` and `sv check` exit 0 whatever happened.,MCP server and CLI,open; not claimed,open,,,,High for CI users,Reproduced,no,part 3
R7,"Reviews, reports and exit codes",high,Reproduced,"`sv notes` and the MCP notes tool delete the owner's own text, though the tool says it ""keeps everything"".",MCP server and CLI,open; not claimed,open,,,,High,Reproduced,no,part 3
R8,"Reviews, reports and exit codes",medium,Reproduced,`record_answer` overwrites an owner's answer that has no `Written by:` line.,MCP server and CLI,open; not claimed,open,,,,Medium,Reproduced,no,part 3
R9,"Reviews, reports and exit codes",medium,Reproduced,"Text from the app reaches the AI tool unmarked, and a forged report is offered as ""a report sv wrote"".",MCP server and CLI,open; not claimed,open,,,,Medium,Reproduced,no,part 3
R10,"Reviews, reports and exit codes",medium,Reproduced,`sv mcp --root` refuses `/` and `$HOME` but accepts folders above home.,MCP server and CLI,open; not claimed,open,,,,Medium,Reproduced,no,part 3
R11,"Reviews, reports and exit codes",low,Reproduced,Duplicate or conflicting reviews are each applied.,"manifest, requirements and reporting",open; not claimed,open,,,,Low–medium,Reproduced,no,part 3
R12,"Reviews, reports and exit codes",low,Reproduced,`not-the-app` can cover all of the app's code without a warning.,"manifest, requirements and reporting",open; not claimed,open,,,,Medium–low,Reproduced,no,part 3
R13,"Reviews, reports and exit codes",low,Reproduced,security.md and compliance.md insert app-controlled text without escaping.,"manifest, requirements and reporting",open; not claimed,open,,,,Low,Reproduced,no,part 3
R14,"Reviews, reports and exit codes",low,Read,SARIF locations are not valid URIs for probe findings or paths with spaces; rule descriptions take one instance's text.,"manifest, requirements and reporting",open; not claimed,open,,,,Low,Read,no,part 3
