app,run,lens,measure,value,source
fitness-tracker,run-11,sv findings,findings in the app (all classes but method),6,results/run-11/fitness-tracker/report.json
fitness-tracker,run-11,sv findings,findings: own,4,results/run-11/fitness-tracker/report.json
fitness-tracker,run-11,sv findings,findings: tests,0,results/run-11/fitness-tracker/report.json
fitness-tracker,run-11,sv findings,findings: vendored,0,results/run-11/fitness-tracker/report.json
fitness-tracker,run-11,sv findings,findings: dependencies,2,results/run-11/fitness-tracker/report.json
fitness-tracker,run-11,sv findings,findings: method,1,results/run-11/fitness-tracker/report.json
fitness-tracker,run-11,sv findings,all app findings: critical,0,results/run-11/fitness-tracker/report.json
fitness-tracker,run-11,sv findings,all app findings: high,2,results/run-11/fitness-tracker/report.json
fitness-tracker,run-11,sv findings,all app findings: medium,3,results/run-11/fitness-tracker/report.json
fitness-tracker,run-11,sv findings,all app findings: low,1,results/run-11/fitness-tracker/report.json
fitness-tracker,run-11,sv findings,own code: critical,0,results/run-11/fitness-tracker/report.json
fitness-tracker,run-11,sv findings,own code: high,2,results/run-11/fitness-tracker/report.json
fitness-tracker,run-11,sv findings,own code: medium,1,results/run-11/fitness-tracker/report.json
fitness-tracker,run-11,sv findings,own code: low,1,results/run-11/fitness-tracker/report.json
fitness-tracker,run-11,sv findings,"own-code findings per 1,000 source lines",1.84,results/run-11/fitness-tracker/report.json
fitness-tracker,run-11,sv findings,"own-code critical or high per 1,000 source lines",0.92,results/run-11/fitness-tracker/report.json
fitness-tracker,run-11,sv findings,findings by kind: ast,2,results/run-11/fitness-tracker/report.json
fitness-tracker,run-11,sv findings,findings by kind: config,3,results/run-11/fitness-tracker/report.json
fitness-tracker,run-11,sv findings,findings by kind: sbom,1,results/run-11/fitness-tracker/report.json
fitness-tracker,run-11,dependency coverage,advisory check state,partly,results/run-11/fitness-tracker/report.json
fitness-tracker,run-11,dependency coverage,advisory check: why not complete,the list of packages is incomplete,results/run-11/fitness-tracker/report.json
fitness-tracker,run-11,dependency coverage,dependency findings,2,results/run-11/fitness-tracker/report.json
fitness-tracker,run-11,dependency coverage,dependency finding rules,config.versions-pinned sbom.incomplete,results/run-11/fitness-tracker/report.json
fitness-tracker,run-11,requirements,applicable,196,results/run-11/fitness-tracker/report.json
fitness-tracker,run-11,requirements,needs_attention,5,results/run-11/fitness-tracker/report.json
fitness-tracker,run-11,requirements,checked,9,results/run-11/fitness-tracker/report.json
fitness-tracker,run-11,requirements,not_verified,182,results/run-11/fitness-tracker/report.json
fitness-tracker,run-11,requirements,documented,0,results/run-11/fitness-tracker/report.json
fitness-tracker,run-11,requirements,stated,0,results/run-11/fitness-tracker/report.json
fitness-tracker,run-11,requirements,attested,0,results/run-11/fitness-tracker/report.json
fitness-tracker,run-11,requirements,by_hand,0,results/run-11/fitness-tracker/report.json
fitness-tracker,run-11,requirements,not_applicable,1,results/run-11/fitness-tracker/report.json
fitness-tracker,run-11,requirements,out_of_level,153,results/run-11/fitness-tracker/report.json
fitness-tracker,run-11,requirements,ai_process,33,results/run-11/fitness-tracker/report.json
fitness-tracker,run-11,requirements,not_verified share of applicable,0.929,results/run-11/fitness-tracker/report.json
fitness-tracker,run-11,requirements,could not be placed (undecided),257,results/run-11/fitness-tracker/report.json
fitness-tracker,run-11,requirements,tests sv suggests writing,116,results/run-11/fitness-tracker/report.json
fitness-tracker,run-11,requirements,ASVS level applied,2,results/run-11/fitness-tracker/report.json
fitness-tracker,run-11,requirements,threats: found,3,results/run-11/fitness-tracker/report.json
fitness-tracker,run-11,requirements,threats: not-verified,10,results/run-11/fitness-tracker/report.json
fitness-tracker,run-11,requirements,threats: checked-in-part,1,results/run-11/fitness-tracker/report.json
fitness-tracker,run-11,requirements,threats: cannot-place,28,results/run-11/fitness-tracker/report.json
fitness-tracker,run-11,requirements,checks that did not fully run,advisory. partly; semgrep. not-run; codeql-javascript. not-run; codeql-python. not-run; config.development-server-started not-run; probe. not-run,results/run-11/fitness-tracker/report.json
fitness-tracker,run-11,code quality,"source lines, own code",2169,results/run-11/fitness-tracker/quality/scc.json
fitness-tracker,run-11,code quality,own code by language,Python 992; JavaScript 679; CSS 299; HTML 199,results/run-11/fitness-tracker/quality/scc.json
fitness-tracker,run-11,code quality,source lines in tests,0,results/run-11/fitness-tracker/quality/scc.json
fitness-tracker,run-11,code quality,source lines vendored,582,results/run-11/fitness-tracker/quality/scc.json
fitness-tracker,run-11,code quality,test_to_code,0.0,results/run-11/fitness-tracker/quality/scc.json
fitness-tracker,run-11,code quality,comment_ratio,0.044,results/run-11/fitness-tracker/quality/scc.json
fitness-tracker,run-11,code quality,functions,92,results/run-11/fitness-tracker/quality/lizard.csv
fitness-tracker,run-11,code quality,complexity_mean,3.02,results/run-11/fitness-tracker/quality/lizard.csv
fitness-tracker,run-11,code quality,complexity_median,2.0,results/run-11/fitness-tracker/quality/lizard.csv
fitness-tracker,run-11,code quality,complexity_max,23,results/run-11/fitness-tracker/quality/lizard.csv
fitness-tracker,run-11,code quality,complex_functions,3,results/run-11/fitness-tracker/quality/lizard.csv
fitness-tracker,run-11,code quality,function_length_mean,13.9,results/run-11/fitness-tracker/quality/lizard.csv
fitness-tracker,run-11,code quality,long_functions,3,results/run-11/fitness-tracker/quality/lizard.csv
fitness-tracker,run-11,code quality,duplicated_lines,18,results/run-11/fitness-tracker/quality/jscpd
fitness-tracker,run-11,code quality,duplication,0.0071,results/run-11/fitness-tracker/quality/jscpd
fitness-tracker,run-11,code quality,clones_in_own_code,1,results/run-11/fitness-tracker/quality/jscpd
fitness-tracker,run-11,OWASP Top 10:2025,A01 Broken Access Control: all app findings,2,results/run-11/fitness-tracker/report.json
fitness-tracker,run-11,OWASP Top 10:2025,A01 Broken Access Control: own code,2,results/run-11/fitness-tracker/report.json
fitness-tracker,run-11,OWASP Top 10:2025,A02 Security Misconfiguration: all app findings,0,results/run-11/fitness-tracker/report.json
fitness-tracker,run-11,OWASP Top 10:2025,A02 Security Misconfiguration: own code,0,results/run-11/fitness-tracker/report.json
fitness-tracker,run-11,OWASP Top 10:2025,A03 Software Supply Chain Failures: all app findings,2,results/run-11/fitness-tracker/report.json
fitness-tracker,run-11,OWASP Top 10:2025,A03 Software Supply Chain Failures: own code,0,results/run-11/fitness-tracker/report.json
fitness-tracker,run-11,OWASP Top 10:2025,A04 Cryptographic Failures: all app findings,0,results/run-11/fitness-tracker/report.json
fitness-tracker,run-11,OWASP Top 10:2025,A04 Cryptographic Failures: own code,0,results/run-11/fitness-tracker/report.json
fitness-tracker,run-11,OWASP Top 10:2025,A05 Injection: all app findings,1,results/run-11/fitness-tracker/report.json
fitness-tracker,run-11,OWASP Top 10:2025,A05 Injection: own code,1,results/run-11/fitness-tracker/report.json
fitness-tracker,run-11,OWASP Top 10:2025,A06 Insecure Design: all app findings,0,results/run-11/fitness-tracker/report.json
fitness-tracker,run-11,OWASP Top 10:2025,A06 Insecure Design: own code,0,results/run-11/fitness-tracker/report.json
fitness-tracker,run-11,OWASP Top 10:2025,A07 Authentication Failures: all app findings,0,results/run-11/fitness-tracker/report.json
fitness-tracker,run-11,OWASP Top 10:2025,A07 Authentication Failures: own code,0,results/run-11/fitness-tracker/report.json
fitness-tracker,run-11,OWASP Top 10:2025,A08 Software or Data Integrity Failures: all app findings,0,results/run-11/fitness-tracker/report.json
fitness-tracker,run-11,OWASP Top 10:2025,A08 Software or Data Integrity Failures: own code,0,results/run-11/fitness-tracker/report.json
fitness-tracker,run-11,OWASP Top 10:2025,A09 Security Logging & Alerting Failures: all app findings,0,results/run-11/fitness-tracker/report.json
fitness-tracker,run-11,OWASP Top 10:2025,A09 Security Logging & Alerting Failures: own code,0,results/run-11/fitness-tracker/report.json
fitness-tracker,run-11,OWASP Top 10:2025,A10 Mishandling of Exceptional Conditions: all app findings,0,results/run-11/fitness-tracker/report.json
fitness-tracker,run-11,OWASP Top 10:2025,A10 Mishandling of Exceptional Conditions: own code,0,results/run-11/fitness-tracker/report.json
fitness-tracker,run-11,OWASP Top 10:2025,unmapped: all app findings,0,results/run-11/fitness-tracker/report.json
fitness-tracker,run-11,OWASP Top 10:2025,unmapped: own code,0,results/run-11/fitness-tracker/report.json
fitness-tracker,run-11,OWASP Top 10:2025,no CWE: all app findings,1,results/run-11/fitness-tracker/report.json
fitness-tracker,run-11,OWASP Top 10:2025,no CWE: own code,1,results/run-11/fitness-tracker/report.json
fitness-tracker,run-11,AI-code issue categories,01 Issues overall: count,19,"results/run-11/fitness-tracker/lint/ruff.json, eslint.json; results/run-11/fitness-tracker/report.json"
fitness-tracker,run-11,AI-code issue categories,"01 Issues overall: per 1,000 lines",8.76,"results/run-11/fitness-tracker/lint/ruff.json, eslint.json; results/run-11/fitness-tracker/report.json"
fitness-tracker,run-11,AI-code issue categories,02 Critical and major issues: count,2,"results/run-11/fitness-tracker/lint/ruff.json, eslint.json; results/run-11/fitness-tracker/report.json"
fitness-tracker,run-11,AI-code issue categories,"02 Critical and major issues: per 1,000 lines",0.92,"results/run-11/fitness-tracker/lint/ruff.json, eslint.json; results/run-11/fitness-tracker/report.json"
fitness-tracker,run-11,AI-code issue categories,03 Logic and correctness: count,2,"results/run-11/fitness-tracker/lint/ruff.json, eslint.json; results/run-11/fitness-tracker/report.json"
fitness-tracker,run-11,AI-code issue categories,"03 Logic and correctness: per 1,000 lines",0.92,"results/run-11/fitness-tracker/lint/ruff.json, eslint.json; results/run-11/fitness-tracker/report.json"
fitness-tracker,run-11,AI-code issue categories,04 Readability: count,8,"results/run-11/fitness-tracker/lint/ruff.json, eslint.json; results/run-11/fitness-tracker/report.json"
fitness-tracker,run-11,AI-code issue categories,"04 Readability: per 1,000 lines",3.69,"results/run-11/fitness-tracker/lint/ruff.json, eslint.json; results/run-11/fitness-tracker/report.json"
fitness-tracker,run-11,AI-code issue categories,05 Error handling and exception paths: count,3,"results/run-11/fitness-tracker/lint/ruff.json, eslint.json; results/run-11/fitness-tracker/report.json"
fitness-tracker,run-11,AI-code issue categories,"05 Error handling and exception paths: per 1,000 lines",1.38,"results/run-11/fitness-tracker/lint/ruff.json, eslint.json; results/run-11/fitness-tracker/report.json"
fitness-tracker,run-11,AI-code issue categories,06 Security: count,4,"results/run-11/fitness-tracker/lint/ruff.json, eslint.json; results/run-11/fitness-tracker/report.json"
fitness-tracker,run-11,AI-code issue categories,"06 Security: per 1,000 lines",1.84,"results/run-11/fitness-tracker/lint/ruff.json, eslint.json; results/run-11/fitness-tracker/report.json"
fitness-tracker,run-11,AI-code issue categories,07 Performance (excessive I/O): count,0,"results/run-11/fitness-tracker/lint/ruff.json, eslint.json; results/run-11/fitness-tracker/report.json"
fitness-tracker,run-11,AI-code issue categories,"07 Performance (excessive I/O): per 1,000 lines",0.0,"results/run-11/fitness-tracker/lint/ruff.json, eslint.json; results/run-11/fitness-tracker/report.json"
fitness-tracker,run-11,AI-code issue categories,08 Concurrency and dependency correctness: count,2,"results/run-11/fitness-tracker/lint/ruff.json, eslint.json; results/run-11/fitness-tracker/report.json"
fitness-tracker,run-11,AI-code issue categories,"08 Concurrency and dependency correctness: per 1,000 lines",0.92,"results/run-11/fitness-tracker/lint/ruff.json, eslint.json; results/run-11/fitness-tracker/report.json"
fitness-tracker,run-11,AI-code issue categories,09 Formatting: lines differing,163,results/run-11/fitness-tracker/lint/
fitness-tracker,run-11,AI-code issue categories,09 Formatting: lines checked,1991,results/run-11/fitness-tracker/lint/
fitness-tracker,run-11,AI-code issue categories,09 Formatting: share of lines,0.0819,results/run-11/fitness-tracker/lint/
fitness-tracker,run-11,AI-code issue categories,10 Naming: count,0,"results/run-11/fitness-tracker/lint/ruff.json, eslint.json; results/run-11/fitness-tracker/report.json"
fitness-tracker,run-11,AI-code issue categories,"10 Naming: per 1,000 lines",0.0,"results/run-11/fitness-tracker/lint/ruff.json, eslint.json; results/run-11/fitness-tracker/report.json"
health-tracker,run-11,sv findings,findings in the app (all classes but method),157,results/run-11/health-tracker/report.json
health-tracker,run-11,sv findings,findings: own,10,results/run-11/health-tracker/report.json
health-tracker,run-11,sv findings,findings: tests,145,results/run-11/health-tracker/report.json
health-tracker,run-11,sv findings,findings: vendored,0,results/run-11/health-tracker/report.json
health-tracker,run-11,sv findings,findings: dependencies,2,results/run-11/health-tracker/report.json
health-tracker,run-11,sv findings,findings: method,1,results/run-11/health-tracker/report.json
health-tracker,run-11,sv findings,all app findings: critical,0,results/run-11/health-tracker/report.json
health-tracker,run-11,sv findings,all app findings: high,0,results/run-11/health-tracker/report.json
health-tracker,run-11,sv findings,all app findings: medium,9,results/run-11/health-tracker/report.json
health-tracker,run-11,sv findings,all app findings: low,148,results/run-11/health-tracker/report.json
health-tracker,run-11,sv findings,own code: critical,0,results/run-11/health-tracker/report.json
health-tracker,run-11,sv findings,own code: high,0,results/run-11/health-tracker/report.json
health-tracker,run-11,sv findings,own code: medium,7,results/run-11/health-tracker/report.json
health-tracker,run-11,sv findings,own code: low,3,results/run-11/health-tracker/report.json
health-tracker,run-11,sv findings,"own-code findings per 1,000 source lines",7.29,results/run-11/health-tracker/report.json
health-tracker,run-11,sv findings,"own-code critical or high per 1,000 source lines",0.0,results/run-11/health-tracker/report.json
health-tracker,run-11,sv findings,findings by kind: ast,1,results/run-11/health-tracker/report.json
health-tracker,run-11,sv findings,findings by kind: bandit,151,results/run-11/health-tracker/report.json
health-tracker,run-11,sv findings,findings by kind: config,4,results/run-11/health-tracker/report.json
health-tracker,run-11,sv findings,findings by kind: sbom,1,results/run-11/health-tracker/report.json
health-tracker,run-11,dependency coverage,advisory check state,partly,results/run-11/health-tracker/report.json
health-tracker,run-11,dependency coverage,advisory check: why not complete,the list of packages is incomplete,results/run-11/health-tracker/report.json
health-tracker,run-11,dependency coverage,dependency findings,2,results/run-11/health-tracker/report.json
health-tracker,run-11,dependency coverage,dependency finding rules,config.versions-pinned sbom.incomplete,results/run-11/health-tracker/report.json
health-tracker,run-11,requirements,applicable,185,results/run-11/health-tracker/report.json
health-tracker,run-11,requirements,needs_attention,5,results/run-11/health-tracker/report.json
health-tracker,run-11,requirements,checked,9,results/run-11/health-tracker/report.json
health-tracker,run-11,requirements,not_verified,171,results/run-11/health-tracker/report.json
health-tracker,run-11,requirements,documented,0,results/run-11/health-tracker/report.json
health-tracker,run-11,requirements,stated,0,results/run-11/health-tracker/report.json
health-tracker,run-11,requirements,attested,0,results/run-11/health-tracker/report.json
health-tracker,run-11,requirements,by_hand,0,results/run-11/health-tracker/report.json
health-tracker,run-11,requirements,not_applicable,1,results/run-11/health-tracker/report.json
health-tracker,run-11,requirements,out_of_level,153,results/run-11/health-tracker/report.json
health-tracker,run-11,requirements,ai_process,43,results/run-11/health-tracker/report.json
health-tracker,run-11,requirements,not_verified share of applicable,0.924,results/run-11/health-tracker/report.json
health-tracker,run-11,requirements,could not be placed (undecided),258,results/run-11/health-tracker/report.json
health-tracker,run-11,requirements,tests sv suggests writing,110,results/run-11/health-tracker/report.json
health-tracker,run-11,requirements,ASVS level applied,2,results/run-11/health-tracker/report.json
health-tracker,run-11,requirements,threats: found,3,results/run-11/health-tracker/report.json
health-tracker,run-11,requirements,threats: not-verified,11,results/run-11/health-tracker/report.json
health-tracker,run-11,requirements,threats: checked-in-part,1,results/run-11/health-tracker/report.json
health-tracker,run-11,requirements,threats: cannot-place,27,results/run-11/health-tracker/report.json
health-tracker,run-11,requirements,checks that did not fully run,advisory. partly; semgrep. not-run; codeql-javascript. not-run; codeql-python. not-run; probe. not-run,results/run-11/health-tracker/report.json
health-tracker,run-11,code quality,"source lines, own code",1371,results/run-11/health-tracker/quality/scc.json
health-tracker,run-11,code quality,own code by language,Python 1219; JavaScript 94; HTML 48; Dockerfile 9; CSS 1,results/run-11/health-tracker/quality/scc.json
health-tracker,run-11,code quality,source lines in tests,939,results/run-11/health-tracker/quality/scc.json
health-tracker,run-11,code quality,source lines vendored,0,results/run-11/health-tracker/quality/scc.json
health-tracker,run-11,code quality,test_to_code,0.68,results/run-11/health-tracker/quality/scc.json
health-tracker,run-11,code quality,comment_ratio,0.015,results/run-11/health-tracker/quality/scc.json
health-tracker,run-11,code quality,functions,62,results/run-11/health-tracker/quality/lizard.csv
health-tracker,run-11,code quality,complexity_mean,4.23,results/run-11/health-tracker/quality/lizard.csv
health-tracker,run-11,code quality,complexity_median,3.0,results/run-11/health-tracker/quality/lizard.csv
health-tracker,run-11,code quality,complexity_max,15,results/run-11/health-tracker/quality/lizard.csv
health-tracker,run-11,code quality,complex_functions,6,results/run-11/health-tracker/quality/lizard.csv
health-tracker,run-11,code quality,function_length_mean,15.2,results/run-11/health-tracker/quality/lizard.csv
health-tracker,run-11,code quality,long_functions,3,results/run-11/health-tracker/quality/lizard.csv
health-tracker,run-11,code quality,duplicated_lines,21,results/run-11/health-tracker/quality/jscpd
health-tracker,run-11,code quality,duplication,0.013,results/run-11/health-tracker/quality/jscpd
health-tracker,run-11,code quality,clones_in_own_code,1,results/run-11/health-tracker/quality/jscpd
health-tracker,run-11,OWASP Top 10:2025,A01 Broken Access Control: all app findings,2,results/run-11/health-tracker/report.json
health-tracker,run-11,OWASP Top 10:2025,A01 Broken Access Control: own code,2,results/run-11/health-tracker/report.json
health-tracker,run-11,OWASP Top 10:2025,A02 Security Misconfiguration: all app findings,0,results/run-11/health-tracker/report.json
health-tracker,run-11,OWASP Top 10:2025,A02 Security Misconfiguration: own code,0,results/run-11/health-tracker/report.json
health-tracker,run-11,OWASP Top 10:2025,A03 Software Supply Chain Failures: all app findings,2,results/run-11/health-tracker/report.json
health-tracker,run-11,OWASP Top 10:2025,A03 Software Supply Chain Failures: own code,0,results/run-11/health-tracker/report.json
health-tracker,run-11,OWASP Top 10:2025,A04 Cryptographic Failures: all app findings,0,results/run-11/health-tracker/report.json
health-tracker,run-11,OWASP Top 10:2025,A04 Cryptographic Failures: own code,0,results/run-11/health-tracker/report.json
health-tracker,run-11,OWASP Top 10:2025,A05 Injection: all app findings,5,results/run-11/health-tracker/report.json
health-tracker,run-11,OWASP Top 10:2025,A05 Injection: own code,5,results/run-11/health-tracker/report.json
health-tracker,run-11,OWASP Top 10:2025,A06 Insecure Design: all app findings,2,results/run-11/health-tracker/report.json
health-tracker,run-11,OWASP Top 10:2025,A06 Insecure Design: own code,2,results/run-11/health-tracker/report.json
health-tracker,run-11,OWASP Top 10:2025,A07 Authentication Failures: all app findings,0,results/run-11/health-tracker/report.json
health-tracker,run-11,OWASP Top 10:2025,A07 Authentication Failures: own code,0,results/run-11/health-tracker/report.json
health-tracker,run-11,OWASP Top 10:2025,A08 Software or Data Integrity Failures: all app findings,0,results/run-11/health-tracker/report.json
health-tracker,run-11,OWASP Top 10:2025,A08 Software or Data Integrity Failures: own code,0,results/run-11/health-tracker/report.json
health-tracker,run-11,OWASP Top 10:2025,A09 Security Logging & Alerting Failures: all app findings,0,results/run-11/health-tracker/report.json
health-tracker,run-11,OWASP Top 10:2025,A09 Security Logging & Alerting Failures: own code,0,results/run-11/health-tracker/report.json
health-tracker,run-11,OWASP Top 10:2025,A10 Mishandling of Exceptional Conditions: all app findings,145,results/run-11/health-tracker/report.json
health-tracker,run-11,OWASP Top 10:2025,A10 Mishandling of Exceptional Conditions: own code,0,results/run-11/health-tracker/report.json
health-tracker,run-11,OWASP Top 10:2025,unmapped: all app findings,0,results/run-11/health-tracker/report.json
health-tracker,run-11,OWASP Top 10:2025,unmapped: own code,0,results/run-11/health-tracker/report.json
health-tracker,run-11,OWASP Top 10:2025,no CWE: all app findings,1,results/run-11/health-tracker/report.json
health-tracker,run-11,OWASP Top 10:2025,no CWE: own code,1,results/run-11/health-tracker/report.json
health-tracker,run-11,AI-code issue categories,01 Issues overall: count,15,"results/run-11/health-tracker/lint/ruff.json, eslint.json; results/run-11/health-tracker/report.json"
health-tracker,run-11,AI-code issue categories,"01 Issues overall: per 1,000 lines",10.94,"results/run-11/health-tracker/lint/ruff.json, eslint.json; results/run-11/health-tracker/report.json"
health-tracker,run-11,AI-code issue categories,02 Critical and major issues: count,0,"results/run-11/health-tracker/lint/ruff.json, eslint.json; results/run-11/health-tracker/report.json"
health-tracker,run-11,AI-code issue categories,"02 Critical and major issues: per 1,000 lines",0.0,"results/run-11/health-tracker/lint/ruff.json, eslint.json; results/run-11/health-tracker/report.json"
health-tracker,run-11,AI-code issue categories,03 Logic and correctness: count,0,"results/run-11/health-tracker/lint/ruff.json, eslint.json; results/run-11/health-tracker/report.json"
health-tracker,run-11,AI-code issue categories,"03 Logic and correctness: per 1,000 lines",0.0,"results/run-11/health-tracker/lint/ruff.json, eslint.json; results/run-11/health-tracker/report.json"
health-tracker,run-11,AI-code issue categories,04 Readability: count,2,"results/run-11/health-tracker/lint/ruff.json, eslint.json; results/run-11/health-tracker/report.json"
health-tracker,run-11,AI-code issue categories,"04 Readability: per 1,000 lines",1.46,"results/run-11/health-tracker/lint/ruff.json, eslint.json; results/run-11/health-tracker/report.json"
health-tracker,run-11,AI-code issue categories,05 Error handling and exception paths: count,0,"results/run-11/health-tracker/lint/ruff.json, eslint.json; results/run-11/health-tracker/report.json"
health-tracker,run-11,AI-code issue categories,"05 Error handling and exception paths: per 1,000 lines",0.0,"results/run-11/health-tracker/lint/ruff.json, eslint.json; results/run-11/health-tracker/report.json"
health-tracker,run-11,AI-code issue categories,06 Security: count,10,"results/run-11/health-tracker/lint/ruff.json, eslint.json; results/run-11/health-tracker/report.json"
health-tracker,run-11,AI-code issue categories,"06 Security: per 1,000 lines",7.29,"results/run-11/health-tracker/lint/ruff.json, eslint.json; results/run-11/health-tracker/report.json"
health-tracker,run-11,AI-code issue categories,07 Performance (excessive I/O): count,0,"results/run-11/health-tracker/lint/ruff.json, eslint.json; results/run-11/health-tracker/report.json"
health-tracker,run-11,AI-code issue categories,"07 Performance (excessive I/O): per 1,000 lines",0.0,"results/run-11/health-tracker/lint/ruff.json, eslint.json; results/run-11/health-tracker/report.json"
health-tracker,run-11,AI-code issue categories,08 Concurrency and dependency correctness: count,3,"results/run-11/health-tracker/lint/ruff.json, eslint.json; results/run-11/health-tracker/report.json"
health-tracker,run-11,AI-code issue categories,"08 Concurrency and dependency correctness: per 1,000 lines",2.19,"results/run-11/health-tracker/lint/ruff.json, eslint.json; results/run-11/health-tracker/report.json"
health-tracker,run-11,AI-code issue categories,09 Formatting: lines differing,56,results/run-11/health-tracker/lint/
health-tracker,run-11,AI-code issue categories,09 Formatting: lines checked,1556,results/run-11/health-tracker/lint/
health-tracker,run-11,AI-code issue categories,09 Formatting: share of lines,0.036,results/run-11/health-tracker/lint/
health-tracker,run-11,AI-code issue categories,10 Naming: count,0,"results/run-11/health-tracker/lint/ruff.json, eslint.json; results/run-11/health-tracker/report.json"
health-tracker,run-11,AI-code issue categories,"10 Naming: per 1,000 lines",0.0,"results/run-11/health-tracker/lint/ruff.json, eslint.json; results/run-11/health-tracker/report.json"
securefit,run-11,sv findings,findings in the app (all classes but method),20,results/run-11/securefit/report.json
securefit,run-11,sv findings,findings: own,16,results/run-11/securefit/report.json
securefit,run-11,sv findings,findings: tests,2,results/run-11/securefit/report.json
securefit,run-11,sv findings,findings: vendored,0,results/run-11/securefit/report.json
securefit,run-11,sv findings,findings: dependencies,2,results/run-11/securefit/report.json
securefit,run-11,sv findings,findings: method,1,results/run-11/securefit/report.json
securefit,run-11,sv findings,all app findings: critical,0,results/run-11/securefit/report.json
securefit,run-11,sv findings,all app findings: high,4,results/run-11/securefit/report.json
securefit,run-11,sv findings,all app findings: medium,16,results/run-11/securefit/report.json
securefit,run-11,sv findings,all app findings: low,0,results/run-11/securefit/report.json
securefit,run-11,sv findings,own code: critical,0,results/run-11/securefit/report.json
securefit,run-11,sv findings,own code: high,2,results/run-11/securefit/report.json
securefit,run-11,sv findings,own code: medium,14,results/run-11/securefit/report.json
securefit,run-11,sv findings,own code: low,0,results/run-11/securefit/report.json
securefit,run-11,sv findings,"own-code findings per 1,000 source lines",2.29,results/run-11/securefit/report.json
securefit,run-11,sv findings,"own-code critical or high per 1,000 source lines",0.29,results/run-11/securefit/report.json
securefit,run-11,sv findings,findings by kind: ast,13,results/run-11/securefit/report.json
securefit,run-11,sv findings,findings by kind: config,2,results/run-11/securefit/report.json
securefit,run-11,sv findings,findings by kind: sbom,1,results/run-11/securefit/report.json
securefit,run-11,sv findings,findings by kind: secrets,4,results/run-11/securefit/report.json
securefit,run-11,dependency coverage,advisory check state,partly,results/run-11/securefit/report.json
securefit,run-11,dependency coverage,advisory check: why not complete,the list of packages is incomplete,results/run-11/securefit/report.json
securefit,run-11,dependency coverage,dependency findings,2,results/run-11/securefit/report.json
securefit,run-11,dependency coverage,dependency finding rules,config.versions-pinned sbom.incomplete,results/run-11/securefit/report.json
securefit,run-11,requirements,applicable,254,results/run-11/securefit/report.json
securefit,run-11,requirements,needs_attention,6,results/run-11/securefit/report.json
securefit,run-11,requirements,checked,1,results/run-11/securefit/report.json
securefit,run-11,requirements,not_verified,247,results/run-11/securefit/report.json
securefit,run-11,requirements,documented,0,results/run-11/securefit/report.json
securefit,run-11,requirements,stated,0,results/run-11/securefit/report.json
securefit,run-11,requirements,attested,0,results/run-11/securefit/report.json
securefit,run-11,requirements,by_hand,0,results/run-11/securefit/report.json
securefit,run-11,requirements,not_applicable,2,results/run-11/securefit/report.json
securefit,run-11,requirements,out_of_level,153,results/run-11/securefit/report.json
securefit,run-11,requirements,ai_process,43,results/run-11/securefit/report.json
securefit,run-11,requirements,not_verified share of applicable,0.972,results/run-11/securefit/report.json
securefit,run-11,requirements,could not be placed (undecided),188,results/run-11/securefit/report.json
securefit,run-11,requirements,tests sv suggests writing,80,results/run-11/securefit/report.json
securefit,run-11,requirements,ASVS level applied,2,results/run-11/securefit/report.json
securefit,run-11,requirements,threats: found,3,results/run-11/securefit/report.json
securefit,run-11,requirements,threats: not-verified,22,results/run-11/securefit/report.json
securefit,run-11,requirements,threats: checked-in-part,0,results/run-11/securefit/report.json
securefit,run-11,requirements,threats: cannot-place,17,results/run-11/securefit/report.json
securefit,run-11,requirements,checks that did not fully run,advisory. partly; semgrep. not-run; codeql-javascript. not-run; ast. partly; config.secrets-file-committed not-run; probe. not-run,results/run-11/securefit/report.json
securefit,run-11,code quality,"source lines, own code",6973,results/run-11/securefit/quality/scc.json
securefit,run-11,code quality,own code by language,TypeScript 6407; CSS 256; SQL 214; JavaScript 60; Dockerfile 19; TypeScript Typings 17,results/run-11/securefit/quality/scc.json
securefit,run-11,code quality,source lines in tests,5402,results/run-11/securefit/quality/scc.json
securefit,run-11,code quality,source lines vendored,0,results/run-11/securefit/quality/scc.json
securefit,run-11,code quality,test_to_code,0.77,results/run-11/securefit/quality/scc.json
securefit,run-11,code quality,comment_ratio,0.1,results/run-11/securefit/quality/scc.json
securefit,run-11,code quality,functions,630,results/run-11/securefit/quality/lizard.csv
securefit,run-11,code quality,complexity_mean,2.94,results/run-11/securefit/quality/lizard.csv
securefit,run-11,code quality,complexity_median,1.0,results/run-11/securefit/quality/lizard.csv
securefit,run-11,code quality,complexity_max,67,results/run-11/securefit/quality/lizard.csv
securefit,run-11,code quality,complex_functions,26,results/run-11/securefit/quality/lizard.csv
securefit,run-11,code quality,function_length_mean,7.9,results/run-11/securefit/quality/lizard.csv
securefit,run-11,code quality,long_functions,7,results/run-11/securefit/quality/lizard.csv
securefit,run-11,code quality,duplicated_lines,327,results/run-11/securefit/quality/jscpd
securefit,run-11,code quality,duplication,0.0385,results/run-11/securefit/quality/jscpd
securefit,run-11,code quality,clones_in_own_code,21,results/run-11/securefit/quality/jscpd
securefit,run-11,OWASP Top 10:2025,A01 Broken Access Control: all app findings,13,results/run-11/securefit/report.json
securefit,run-11,OWASP Top 10:2025,A01 Broken Access Control: own code,13,results/run-11/securefit/report.json
securefit,run-11,OWASP Top 10:2025,A02 Security Misconfiguration: all app findings,0,results/run-11/securefit/report.json
securefit,run-11,OWASP Top 10:2025,A02 Security Misconfiguration: own code,0,results/run-11/securefit/report.json
securefit,run-11,OWASP Top 10:2025,A03 Software Supply Chain Failures: all app findings,2,results/run-11/securefit/report.json
securefit,run-11,OWASP Top 10:2025,A03 Software Supply Chain Failures: own code,0,results/run-11/securefit/report.json
securefit,run-11,OWASP Top 10:2025,A04 Cryptographic Failures: all app findings,0,results/run-11/securefit/report.json
securefit,run-11,OWASP Top 10:2025,A04 Cryptographic Failures: own code,0,results/run-11/securefit/report.json
securefit,run-11,OWASP Top 10:2025,A05 Injection: all app findings,0,results/run-11/securefit/report.json
securefit,run-11,OWASP Top 10:2025,A05 Injection: own code,0,results/run-11/securefit/report.json
securefit,run-11,OWASP Top 10:2025,A06 Insecure Design: all app findings,1,results/run-11/securefit/report.json
securefit,run-11,OWASP Top 10:2025,A06 Insecure Design: own code,1,results/run-11/securefit/report.json
securefit,run-11,OWASP Top 10:2025,A07 Authentication Failures: all app findings,4,results/run-11/securefit/report.json
securefit,run-11,OWASP Top 10:2025,A07 Authentication Failures: own code,2,results/run-11/securefit/report.json
securefit,run-11,OWASP Top 10:2025,A08 Software or Data Integrity Failures: all app findings,0,results/run-11/securefit/report.json
securefit,run-11,OWASP Top 10:2025,A08 Software or Data Integrity Failures: own code,0,results/run-11/securefit/report.json
securefit,run-11,OWASP Top 10:2025,A09 Security Logging & Alerting Failures: all app findings,0,results/run-11/securefit/report.json
securefit,run-11,OWASP Top 10:2025,A09 Security Logging & Alerting Failures: own code,0,results/run-11/securefit/report.json
securefit,run-11,OWASP Top 10:2025,A10 Mishandling of Exceptional Conditions: all app findings,0,results/run-11/securefit/report.json
securefit,run-11,OWASP Top 10:2025,A10 Mishandling of Exceptional Conditions: own code,0,results/run-11/securefit/report.json
securefit,run-11,OWASP Top 10:2025,unmapped: all app findings,0,results/run-11/securefit/report.json
securefit,run-11,OWASP Top 10:2025,unmapped: own code,0,results/run-11/securefit/report.json
securefit,run-11,OWASP Top 10:2025,no CWE: all app findings,0,results/run-11/securefit/report.json
securefit,run-11,OWASP Top 10:2025,no CWE: own code,0,results/run-11/securefit/report.json
securefit,run-11,AI-code issue categories,01 Issues overall: count,91,"results/run-11/securefit/lint/ruff.json, eslint.json; results/run-11/securefit/report.json"
securefit,run-11,AI-code issue categories,"01 Issues overall: per 1,000 lines",13.05,"results/run-11/securefit/lint/ruff.json, eslint.json; results/run-11/securefit/report.json"
securefit,run-11,AI-code issue categories,02 Critical and major issues: count,2,"results/run-11/securefit/lint/ruff.json, eslint.json; results/run-11/securefit/report.json"
securefit,run-11,AI-code issue categories,"02 Critical and major issues: per 1,000 lines",0.29,"results/run-11/securefit/lint/ruff.json, eslint.json; results/run-11/securefit/report.json"
securefit,run-11,AI-code issue categories,03 Logic and correctness: count,2,"results/run-11/securefit/lint/ruff.json, eslint.json; results/run-11/securefit/report.json"
securefit,run-11,AI-code issue categories,"03 Logic and correctness: per 1,000 lines",0.29,"results/run-11/securefit/lint/ruff.json, eslint.json; results/run-11/securefit/report.json"
securefit,run-11,AI-code issue categories,04 Readability: count,62,"results/run-11/securefit/lint/ruff.json, eslint.json; results/run-11/securefit/report.json"
securefit,run-11,AI-code issue categories,"04 Readability: per 1,000 lines",8.89,"results/run-11/securefit/lint/ruff.json, eslint.json; results/run-11/securefit/report.json"
securefit,run-11,AI-code issue categories,05 Error handling and exception paths: count,1,"results/run-11/securefit/lint/ruff.json, eslint.json; results/run-11/securefit/report.json"
securefit,run-11,AI-code issue categories,"05 Error handling and exception paths: per 1,000 lines",0.14,"results/run-11/securefit/lint/ruff.json, eslint.json; results/run-11/securefit/report.json"
securefit,run-11,AI-code issue categories,06 Security: count,16,"results/run-11/securefit/lint/ruff.json, eslint.json; results/run-11/securefit/report.json"
securefit,run-11,AI-code issue categories,"06 Security: per 1,000 lines",2.29,"results/run-11/securefit/lint/ruff.json, eslint.json; results/run-11/securefit/report.json"
securefit,run-11,AI-code issue categories,07 Performance (excessive I/O): count,5,"results/run-11/securefit/lint/ruff.json, eslint.json; results/run-11/securefit/report.json"
securefit,run-11,AI-code issue categories,"07 Performance (excessive I/O): per 1,000 lines",0.72,"results/run-11/securefit/lint/ruff.json, eslint.json; results/run-11/securefit/report.json"
securefit,run-11,AI-code issue categories,08 Concurrency and dependency correctness: count,3,"results/run-11/securefit/lint/ruff.json, eslint.json; results/run-11/securefit/report.json"
securefit,run-11,AI-code issue categories,"08 Concurrency and dependency correctness: per 1,000 lines",0.43,"results/run-11/securefit/lint/ruff.json, eslint.json; results/run-11/securefit/report.json"
securefit,run-11,AI-code issue categories,09 Formatting: lines differing,720,results/run-11/securefit/lint/
securefit,run-11,AI-code issue categories,09 Formatting: lines checked,7947,results/run-11/securefit/lint/
securefit,run-11,AI-code issue categories,09 Formatting: share of lines,0.0906,results/run-11/securefit/lint/
securefit,run-11,AI-code issue categories,10 Naming: count,2,"results/run-11/securefit/lint/ruff.json, eslint.json; results/run-11/securefit/report.json"
securefit,run-11,AI-code issue categories,"10 Naming: per 1,000 lines",0.29,"results/run-11/securefit/lint/ruff.json, eslint.json; results/run-11/securefit/report.json"
my-first-app,run-11,sv findings,findings in the app (all classes but method),19,results/run-11/my-first-app/report.json
my-first-app,run-11,sv findings,findings: own,8,results/run-11/my-first-app/report.json
my-first-app,run-11,sv findings,findings: tests,11,results/run-11/my-first-app/report.json
my-first-app,run-11,sv findings,findings: vendored,0,results/run-11/my-first-app/report.json
my-first-app,run-11,sv findings,findings: dependencies,0,results/run-11/my-first-app/report.json
my-first-app,run-11,sv findings,findings: method,1,results/run-11/my-first-app/report.json
my-first-app,run-11,sv findings,all app findings: critical,0,results/run-11/my-first-app/report.json
my-first-app,run-11,sv findings,all app findings: high,0,results/run-11/my-first-app/report.json
my-first-app,run-11,sv findings,all app findings: medium,19,results/run-11/my-first-app/report.json
my-first-app,run-11,sv findings,all app findings: low,0,results/run-11/my-first-app/report.json
my-first-app,run-11,sv findings,own code: critical,0,results/run-11/my-first-app/report.json
my-first-app,run-11,sv findings,own code: high,0,results/run-11/my-first-app/report.json
my-first-app,run-11,sv findings,own code: medium,8,results/run-11/my-first-app/report.json
my-first-app,run-11,sv findings,own code: low,0,results/run-11/my-first-app/report.json
my-first-app,run-11,sv findings,"own-code findings per 1,000 source lines",6.75,results/run-11/my-first-app/report.json
my-first-app,run-11,sv findings,"own-code critical or high per 1,000 source lines",0.0,results/run-11/my-first-app/report.json
my-first-app,run-11,sv findings,findings by kind: ast,19,results/run-11/my-first-app/report.json
my-first-app,run-11,dependency coverage,advisory check state,ran,results/run-11/my-first-app/report.json
my-first-app,run-11,dependency coverage,advisory check: why not complete,,results/run-11/my-first-app/report.json
my-first-app,run-11,dependency coverage,dependency findings,0,results/run-11/my-first-app/report.json
my-first-app,run-11,dependency coverage,dependency finding rules,,results/run-11/my-first-app/report.json
my-first-app,run-11,requirements,applicable,207,results/run-11/my-first-app/report.json
my-first-app,run-11,requirements,needs_attention,3,results/run-11/my-first-app/report.json
my-first-app,run-11,requirements,checked,10,results/run-11/my-first-app/report.json
my-first-app,run-11,requirements,not_verified,182,results/run-11/my-first-app/report.json
my-first-app,run-11,requirements,documented,0,results/run-11/my-first-app/report.json
my-first-app,run-11,requirements,stated,12,results/run-11/my-first-app/report.json
my-first-app,run-11,requirements,attested,0,results/run-11/my-first-app/report.json
my-first-app,run-11,requirements,by_hand,0,results/run-11/my-first-app/report.json
my-first-app,run-11,requirements,not_applicable,17,results/run-11/my-first-app/report.json
my-first-app,run-11,requirements,out_of_level,153,results/run-11/my-first-app/report.json
my-first-app,run-11,requirements,ai_process,33,results/run-11/my-first-app/report.json
my-first-app,run-11,requirements,not_verified share of applicable,0.879,results/run-11/my-first-app/report.json
my-first-app,run-11,requirements,could not be placed (undecided),230,results/run-11/my-first-app/report.json
my-first-app,run-11,requirements,tests sv suggests writing,116,results/run-11/my-first-app/report.json
my-first-app,run-11,requirements,ASVS level applied,2,results/run-11/my-first-app/report.json
my-first-app,run-11,requirements,threats: found,2,results/run-11/my-first-app/report.json
my-first-app,run-11,requirements,threats: not-verified,15,results/run-11/my-first-app/report.json
my-first-app,run-11,requirements,threats: checked-in-part,2,results/run-11/my-first-app/report.json
my-first-app,run-11,requirements,threats: cannot-place,21,results/run-11/my-first-app/report.json
my-first-app,run-11,requirements,checks that did not fully run,semgrep. not-run; codeql-javascript. not-run; config.development-server-started not-run; probe. not-run,results/run-11/my-first-app/report.json
my-first-app,run-11,code quality,"source lines, own code",1185,results/run-11/my-first-app/quality/scc.json
my-first-app,run-11,code quality,own code by language,JavaScript 1079; CSS 106,results/run-11/my-first-app/quality/scc.json
my-first-app,run-11,code quality,source lines in tests,632,results/run-11/my-first-app/quality/scc.json
my-first-app,run-11,code quality,source lines vendored,0,results/run-11/my-first-app/quality/scc.json
my-first-app,run-11,code quality,test_to_code,0.53,results/run-11/my-first-app/quality/scc.json
my-first-app,run-11,code quality,comment_ratio,0.062,results/run-11/my-first-app/quality/scc.json
my-first-app,run-11,code quality,functions,105,results/run-11/my-first-app/quality/lizard.csv
my-first-app,run-11,code quality,complexity_mean,2.81,results/run-11/my-first-app/quality/lizard.csv
my-first-app,run-11,code quality,complexity_median,2,results/run-11/my-first-app/quality/lizard.csv
my-first-app,run-11,code quality,complexity_max,21,results/run-11/my-first-app/quality/lizard.csv
my-first-app,run-11,code quality,complex_functions,2,results/run-11/my-first-app/quality/lizard.csv
my-first-app,run-11,code quality,function_length_mean,7.5,results/run-11/my-first-app/quality/lizard.csv
my-first-app,run-11,code quality,long_functions,2,results/run-11/my-first-app/quality/lizard.csv
my-first-app,run-11,code quality,duplicated_lines,0,results/run-11/my-first-app/quality/jscpd
my-first-app,run-11,code quality,duplication,0.0,results/run-11/my-first-app/quality/jscpd
my-first-app,run-11,code quality,clones_in_own_code,0,results/run-11/my-first-app/quality/jscpd
my-first-app,run-11,OWASP Top 10:2025,A01 Broken Access Control: all app findings,19,results/run-11/my-first-app/report.json
my-first-app,run-11,OWASP Top 10:2025,A01 Broken Access Control: own code,8,results/run-11/my-first-app/report.json
my-first-app,run-11,OWASP Top 10:2025,A02 Security Misconfiguration: all app findings,0,results/run-11/my-first-app/report.json
my-first-app,run-11,OWASP Top 10:2025,A02 Security Misconfiguration: own code,0,results/run-11/my-first-app/report.json
my-first-app,run-11,OWASP Top 10:2025,A03 Software Supply Chain Failures: all app findings,0,results/run-11/my-first-app/report.json
my-first-app,run-11,OWASP Top 10:2025,A03 Software Supply Chain Failures: own code,0,results/run-11/my-first-app/report.json
my-first-app,run-11,OWASP Top 10:2025,A04 Cryptographic Failures: all app findings,0,results/run-11/my-first-app/report.json
my-first-app,run-11,OWASP Top 10:2025,A04 Cryptographic Failures: own code,0,results/run-11/my-first-app/report.json
my-first-app,run-11,OWASP Top 10:2025,A05 Injection: all app findings,0,results/run-11/my-first-app/report.json
my-first-app,run-11,OWASP Top 10:2025,A05 Injection: own code,0,results/run-11/my-first-app/report.json
my-first-app,run-11,OWASP Top 10:2025,A06 Insecure Design: all app findings,0,results/run-11/my-first-app/report.json
my-first-app,run-11,OWASP Top 10:2025,A06 Insecure Design: own code,0,results/run-11/my-first-app/report.json
my-first-app,run-11,OWASP Top 10:2025,A07 Authentication Failures: all app findings,0,results/run-11/my-first-app/report.json
my-first-app,run-11,OWASP Top 10:2025,A07 Authentication Failures: own code,0,results/run-11/my-first-app/report.json
my-first-app,run-11,OWASP Top 10:2025,A08 Software or Data Integrity Failures: all app findings,0,results/run-11/my-first-app/report.json
my-first-app,run-11,OWASP Top 10:2025,A08 Software or Data Integrity Failures: own code,0,results/run-11/my-first-app/report.json
my-first-app,run-11,OWASP Top 10:2025,A09 Security Logging & Alerting Failures: all app findings,0,results/run-11/my-first-app/report.json
my-first-app,run-11,OWASP Top 10:2025,A09 Security Logging & Alerting Failures: own code,0,results/run-11/my-first-app/report.json
my-first-app,run-11,OWASP Top 10:2025,A10 Mishandling of Exceptional Conditions: all app findings,0,results/run-11/my-first-app/report.json
my-first-app,run-11,OWASP Top 10:2025,A10 Mishandling of Exceptional Conditions: own code,0,results/run-11/my-first-app/report.json
my-first-app,run-11,OWASP Top 10:2025,unmapped: all app findings,0,results/run-11/my-first-app/report.json
my-first-app,run-11,OWASP Top 10:2025,unmapped: own code,0,results/run-11/my-first-app/report.json
my-first-app,run-11,OWASP Top 10:2025,no CWE: all app findings,0,results/run-11/my-first-app/report.json
my-first-app,run-11,OWASP Top 10:2025,no CWE: own code,0,results/run-11/my-first-app/report.json
my-first-app,run-11,AI-code issue categories,01 Issues overall: count,35,"results/run-11/my-first-app/lint/ruff.json, eslint.json; results/run-11/my-first-app/report.json"
my-first-app,run-11,AI-code issue categories,"01 Issues overall: per 1,000 lines",29.54,"results/run-11/my-first-app/lint/ruff.json, eslint.json; results/run-11/my-first-app/report.json"
my-first-app,run-11,AI-code issue categories,02 Critical and major issues: count,0,"results/run-11/my-first-app/lint/ruff.json, eslint.json; results/run-11/my-first-app/report.json"
my-first-app,run-11,AI-code issue categories,"02 Critical and major issues: per 1,000 lines",0.0,"results/run-11/my-first-app/lint/ruff.json, eslint.json; results/run-11/my-first-app/report.json"
my-first-app,run-11,AI-code issue categories,03 Logic and correctness: count,1,"results/run-11/my-first-app/lint/ruff.json, eslint.json; results/run-11/my-first-app/report.json"
my-first-app,run-11,AI-code issue categories,"03 Logic and correctness: per 1,000 lines",0.84,"results/run-11/my-first-app/lint/ruff.json, eslint.json; results/run-11/my-first-app/report.json"
my-first-app,run-11,AI-code issue categories,04 Readability: count,13,"results/run-11/my-first-app/lint/ruff.json, eslint.json; results/run-11/my-first-app/report.json"
my-first-app,run-11,AI-code issue categories,"04 Readability: per 1,000 lines",10.97,"results/run-11/my-first-app/lint/ruff.json, eslint.json; results/run-11/my-first-app/report.json"
my-first-app,run-11,AI-code issue categories,05 Error handling and exception paths: count,0,"results/run-11/my-first-app/lint/ruff.json, eslint.json; results/run-11/my-first-app/report.json"
my-first-app,run-11,AI-code issue categories,"05 Error handling and exception paths: per 1,000 lines",0.0,"results/run-11/my-first-app/lint/ruff.json, eslint.json; results/run-11/my-first-app/report.json"
my-first-app,run-11,AI-code issue categories,06 Security: count,8,"results/run-11/my-first-app/lint/ruff.json, eslint.json; results/run-11/my-first-app/report.json"
my-first-app,run-11,AI-code issue categories,"06 Security: per 1,000 lines",6.75,"results/run-11/my-first-app/lint/ruff.json, eslint.json; results/run-11/my-first-app/report.json"
my-first-app,run-11,AI-code issue categories,07 Performance (excessive I/O): count,12,"results/run-11/my-first-app/lint/ruff.json, eslint.json; results/run-11/my-first-app/report.json"
my-first-app,run-11,AI-code issue categories,"07 Performance (excessive I/O): per 1,000 lines",10.13,"results/run-11/my-first-app/lint/ruff.json, eslint.json; results/run-11/my-first-app/report.json"
my-first-app,run-11,AI-code issue categories,08 Concurrency and dependency correctness: count,1,"results/run-11/my-first-app/lint/ruff.json, eslint.json; results/run-11/my-first-app/report.json"
my-first-app,run-11,AI-code issue categories,"08 Concurrency and dependency correctness: per 1,000 lines",0.84,"results/run-11/my-first-app/lint/ruff.json, eslint.json; results/run-11/my-first-app/report.json"
my-first-app,run-11,AI-code issue categories,09 Formatting: lines differing,17,results/run-11/my-first-app/lint/
my-first-app,run-11,AI-code issue categories,09 Formatting: lines checked,1311,results/run-11/my-first-app/lint/
my-first-app,run-11,AI-code issue categories,09 Formatting: share of lines,0.013,results/run-11/my-first-app/lint/
my-first-app,run-11,AI-code issue categories,10 Naming: count,0,"results/run-11/my-first-app/lint/ruff.json, eslint.json; results/run-11/my-first-app/report.json"
my-first-app,run-11,AI-code issue categories,"10 Naming: per 1,000 lines",0.0,"results/run-11/my-first-app/lint/ruff.json, eslint.json; results/run-11/my-first-app/report.json"
family-hub,run-11,sv findings,findings in the app (all classes but method),220,results/run-11/family-hub/report.json
family-hub,run-11,sv findings,findings: own,24,results/run-11/family-hub/report.json
family-hub,run-11,sv findings,findings: tests,52,results/run-11/family-hub/report.json
family-hub,run-11,sv findings,findings: vendored,142,results/run-11/family-hub/report.json
family-hub,run-11,sv findings,findings: dependencies,2,results/run-11/family-hub/report.json
family-hub,run-11,sv findings,findings: method,1,results/run-11/family-hub/report.json
family-hub,run-11,sv findings,all app findings: critical,0,results/run-11/family-hub/report.json
family-hub,run-11,sv findings,all app findings: high,24,results/run-11/family-hub/report.json
family-hub,run-11,sv findings,all app findings: medium,45,results/run-11/family-hub/report.json
family-hub,run-11,sv findings,all app findings: low,151,results/run-11/family-hub/report.json
family-hub,run-11,sv findings,own code: critical,0,results/run-11/family-hub/report.json
family-hub,run-11,sv findings,own code: high,9,results/run-11/family-hub/report.json
family-hub,run-11,sv findings,own code: medium,6,results/run-11/family-hub/report.json
family-hub,run-11,sv findings,own code: low,9,results/run-11/family-hub/report.json
family-hub,run-11,sv findings,"own-code findings per 1,000 source lines",7.56,results/run-11/family-hub/report.json
family-hub,run-11,sv findings,"own-code critical or high per 1,000 source lines",2.84,results/run-11/family-hub/report.json
family-hub,run-11,sv findings,findings by kind: ast,16,results/run-11/family-hub/report.json
family-hub,run-11,sv findings,findings by kind: bandit,197,results/run-11/family-hub/report.json
family-hub,run-11,sv findings,findings by kind: config,1,results/run-11/family-hub/report.json
family-hub,run-11,sv findings,findings by kind: sbom,1,results/run-11/family-hub/report.json
family-hub,run-11,sv findings,findings by kind: secrets,5,results/run-11/family-hub/report.json
family-hub,run-11,dependency coverage,advisory check state,partly,results/run-11/family-hub/report.json
family-hub,run-11,dependency coverage,advisory check: why not complete,1 package version(s) could not be compared; the list of packages is incomplete,results/run-11/family-hub/report.json
family-hub,run-11,dependency coverage,dependency findings,2,results/run-11/family-hub/report.json
family-hub,run-11,dependency coverage,dependency finding rules,config.versions-pinned sbom.incomplete,results/run-11/family-hub/report.json
family-hub,run-11,requirements,applicable,217,results/run-11/family-hub/report.json
family-hub,run-11,requirements,needs_attention,10,results/run-11/family-hub/report.json
family-hub,run-11,requirements,checked,2,results/run-11/family-hub/report.json
family-hub,run-11,requirements,not_verified,188,results/run-11/family-hub/report.json
family-hub,run-11,requirements,documented,17,results/run-11/family-hub/report.json
family-hub,run-11,requirements,stated,0,results/run-11/family-hub/report.json
family-hub,run-11,requirements,attested,0,results/run-11/family-hub/report.json
family-hub,run-11,requirements,by_hand,0,results/run-11/family-hub/report.json
family-hub,run-11,requirements,not_applicable,1,results/run-11/family-hub/report.json
family-hub,run-11,requirements,out_of_level,153,results/run-11/family-hub/report.json
family-hub,run-11,requirements,ai_process,33,results/run-11/family-hub/report.json
family-hub,run-11,requirements,not_verified share of applicable,0.866,results/run-11/family-hub/report.json
family-hub,run-11,requirements,could not be placed (undecided),236,results/run-11/family-hub/report.json
family-hub,run-11,requirements,tests sv suggests writing,123,results/run-11/family-hub/report.json
family-hub,run-11,requirements,ASVS level applied,2,results/run-11/family-hub/report.json
family-hub,run-11,requirements,threats: found,3,results/run-11/family-hub/report.json
family-hub,run-11,requirements,threats: not-verified,11,results/run-11/family-hub/report.json
family-hub,run-11,requirements,threats: checked-in-part,0,results/run-11/family-hub/report.json
family-hub,run-11,requirements,threats: cannot-place,28,results/run-11/family-hub/report.json
family-hub,run-11,requirements,checks that did not fully run,advisory. partly; semgrep. not-run; codeql-python. not-run; config.development-server-started not-run; probe. not-run,results/run-11/family-hub/report.json
family-hub,run-11,code quality,"source lines, own code",3173,results/run-11/family-hub/quality/scc.json
family-hub,run-11,code quality,own code by language,Python 2465; HTML 608; CSS 100,results/run-11/family-hub/quality/scc.json
family-hub,run-11,code quality,source lines in tests,1714,results/run-11/family-hub/quality/scc.json
family-hub,run-11,code quality,source lines vendored,33270,results/run-11/family-hub/quality/scc.json
family-hub,run-11,code quality,test_to_code,0.54,results/run-11/family-hub/quality/scc.json
family-hub,run-11,code quality,comment_ratio,0.081,results/run-11/family-hub/quality/scc.json
family-hub,run-11,code quality,functions,216,results/run-11/family-hub/quality/lizard.csv
family-hub,run-11,code quality,complexity_mean,2.69,results/run-11/family-hub/quality/lizard.csv
family-hub,run-11,code quality,complexity_median,2.0,results/run-11/family-hub/quality/lizard.csv
family-hub,run-11,code quality,complexity_max,17,results/run-11/family-hub/quality/lizard.csv
family-hub,run-11,code quality,complex_functions,4,results/run-11/family-hub/quality/lizard.csv
family-hub,run-11,code quality,function_length_mean,8.9,results/run-11/family-hub/quality/lizard.csv
family-hub,run-11,code quality,long_functions,0,results/run-11/family-hub/quality/lizard.csv
family-hub,run-11,code quality,duplicated_lines,102,results/run-11/family-hub/quality/jscpd
family-hub,run-11,code quality,duplication,0.0253,results/run-11/family-hub/quality/jscpd
family-hub,run-11,code quality,clones_in_own_code,6,results/run-11/family-hub/quality/jscpd
family-hub,run-11,OWASP Top 10:2025,A01 Broken Access Control: all app findings,9,results/run-11/family-hub/report.json
family-hub,run-11,OWASP Top 10:2025,A01 Broken Access Control: own code,6,results/run-11/family-hub/report.json
family-hub,run-11,OWASP Top 10:2025,A02 Security Misconfiguration: all app findings,0,results/run-11/family-hub/report.json
family-hub,run-11,OWASP Top 10:2025,A02 Security Misconfiguration: own code,0,results/run-11/family-hub/report.json
family-hub,run-11,OWASP Top 10:2025,A03 Software Supply Chain Failures: all app findings,2,results/run-11/family-hub/report.json
family-hub,run-11,OWASP Top 10:2025,A03 Software Supply Chain Failures: own code,0,results/run-11/family-hub/report.json
family-hub,run-11,OWASP Top 10:2025,A04 Cryptographic Failures: all app findings,15,results/run-11/family-hub/report.json
family-hub,run-11,OWASP Top 10:2025,A04 Cryptographic Failures: own code,0,results/run-11/family-hub/report.json
family-hub,run-11,OWASP Top 10:2025,A05 Injection: all app findings,71,results/run-11/family-hub/report.json
family-hub,run-11,OWASP Top 10:2025,A05 Injection: own code,11,results/run-11/family-hub/report.json
family-hub,run-11,OWASP Top 10:2025,A06 Insecure Design: all app findings,0,results/run-11/family-hub/report.json
family-hub,run-11,OWASP Top 10:2025,A06 Insecure Design: own code,0,results/run-11/family-hub/report.json
family-hub,run-11,OWASP Top 10:2025,A07 Authentication Failures: all app findings,54,results/run-11/family-hub/report.json
family-hub,run-11,OWASP Top 10:2025,A07 Authentication Failures: own code,7,results/run-11/family-hub/report.json
family-hub,run-11,OWASP Top 10:2025,A08 Software or Data Integrity Failures: all app findings,3,results/run-11/family-hub/report.json
family-hub,run-11,OWASP Top 10:2025,A08 Software or Data Integrity Failures: own code,0,results/run-11/family-hub/report.json
family-hub,run-11,OWASP Top 10:2025,A09 Security Logging & Alerting Failures: all app findings,0,results/run-11/family-hub/report.json
family-hub,run-11,OWASP Top 10:2025,A09 Security Logging & Alerting Failures: own code,0,results/run-11/family-hub/report.json
family-hub,run-11,OWASP Top 10:2025,A10 Mishandling of Exceptional Conditions: all app findings,64,results/run-11/family-hub/report.json
family-hub,run-11,OWASP Top 10:2025,A10 Mishandling of Exceptional Conditions: own code,0,results/run-11/family-hub/report.json
family-hub,run-11,OWASP Top 10:2025,unmapped: all app findings,2,results/run-11/family-hub/report.json
family-hub,run-11,OWASP Top 10:2025,unmapped: own code,0,results/run-11/family-hub/report.json
family-hub,run-11,OWASP Top 10:2025,no CWE: all app findings,0,results/run-11/family-hub/report.json
family-hub,run-11,OWASP Top 10:2025,no CWE: own code,0,results/run-11/family-hub/report.json
family-hub,run-11,AI-code issue categories,01 Issues overall: count,33,"results/run-11/family-hub/lint/ruff.json, eslint.json; results/run-11/family-hub/report.json"
family-hub,run-11,AI-code issue categories,"01 Issues overall: per 1,000 lines",10.4,"results/run-11/family-hub/lint/ruff.json, eslint.json; results/run-11/family-hub/report.json"
family-hub,run-11,AI-code issue categories,02 Critical and major issues: count,9,"results/run-11/family-hub/lint/ruff.json, eslint.json; results/run-11/family-hub/report.json"
family-hub,run-11,AI-code issue categories,"02 Critical and major issues: per 1,000 lines",2.84,"results/run-11/family-hub/lint/ruff.json, eslint.json; results/run-11/family-hub/report.json"
family-hub,run-11,AI-code issue categories,03 Logic and correctness: count,1,"results/run-11/family-hub/lint/ruff.json, eslint.json; results/run-11/family-hub/report.json"
family-hub,run-11,AI-code issue categories,"03 Logic and correctness: per 1,000 lines",0.32,"results/run-11/family-hub/lint/ruff.json, eslint.json; results/run-11/family-hub/report.json"
family-hub,run-11,AI-code issue categories,04 Readability: count,5,"results/run-11/family-hub/lint/ruff.json, eslint.json; results/run-11/family-hub/report.json"
family-hub,run-11,AI-code issue categories,"04 Readability: per 1,000 lines",1.58,"results/run-11/family-hub/lint/ruff.json, eslint.json; results/run-11/family-hub/report.json"
family-hub,run-11,AI-code issue categories,05 Error handling and exception paths: count,0,"results/run-11/family-hub/lint/ruff.json, eslint.json; results/run-11/family-hub/report.json"
family-hub,run-11,AI-code issue categories,"05 Error handling and exception paths: per 1,000 lines",0.0,"results/run-11/family-hub/lint/ruff.json, eslint.json; results/run-11/family-hub/report.json"
family-hub,run-11,AI-code issue categories,06 Security: count,24,"results/run-11/family-hub/lint/ruff.json, eslint.json; results/run-11/family-hub/report.json"
family-hub,run-11,AI-code issue categories,"06 Security: per 1,000 lines",7.56,"results/run-11/family-hub/lint/ruff.json, eslint.json; results/run-11/family-hub/report.json"
family-hub,run-11,AI-code issue categories,07 Performance (excessive I/O): count,0,"results/run-11/family-hub/lint/ruff.json, eslint.json; results/run-11/family-hub/report.json"
family-hub,run-11,AI-code issue categories,"07 Performance (excessive I/O): per 1,000 lines",0.0,"results/run-11/family-hub/lint/ruff.json, eslint.json; results/run-11/family-hub/report.json"
family-hub,run-11,AI-code issue categories,08 Concurrency and dependency correctness: count,2,"results/run-11/family-hub/lint/ruff.json, eslint.json; results/run-11/family-hub/report.json"
family-hub,run-11,AI-code issue categories,"08 Concurrency and dependency correctness: per 1,000 lines",0.63,"results/run-11/family-hub/lint/ruff.json, eslint.json; results/run-11/family-hub/report.json"
family-hub,run-11,AI-code issue categories,09 Formatting: lines differing,152,results/run-11/family-hub/lint/
family-hub,run-11,AI-code issue categories,09 Formatting: lines checked,3324,results/run-11/family-hub/lint/
family-hub,run-11,AI-code issue categories,09 Formatting: share of lines,0.0457,results/run-11/family-hub/lint/
family-hub,run-11,AI-code issue categories,10 Naming: count,1,"results/run-11/family-hub/lint/ruff.json, eslint.json; results/run-11/family-hub/report.json"
family-hub,run-11,AI-code issue categories,"10 Naming: per 1,000 lines",0.32,"results/run-11/family-hub/lint/ruff.json, eslint.json; results/run-11/family-hub/report.json"
family-hub,"run-11 (variant A: sv 982f97e, blank template)",family-hub as built,findings in the app,220,results/run-11/family-hub/report.json
family-hub,"run-11 (variant A: sv 982f97e, blank template)",family-hub as built,findings: own,24,results/run-11/family-hub/report.json
family-hub,"run-11 (variant A: sv 982f97e, blank template)",family-hub as built,findings: tests,52,results/run-11/family-hub/report.json
family-hub,"run-11 (variant A: sv 982f97e, blank template)",family-hub as built,findings: vendored,142,results/run-11/family-hub/report.json
family-hub,"run-11 (variant A: sv 982f97e, blank template)",family-hub as built,findings: dependencies,2,results/run-11/family-hub/report.json
family-hub,"run-11 (variant A: sv 982f97e, blank template)",family-hub as built,findings: method,1,results/run-11/family-hub/report.json
family-hub,"run-11 (variant A: sv 982f97e, blank template)",family-hub as built,own code: critical,0,results/run-11/family-hub/report.json
family-hub,"run-11 (variant A: sv 982f97e, blank template)",family-hub as built,own code: high,9,results/run-11/family-hub/report.json
family-hub,"run-11 (variant A: sv 982f97e, blank template)",family-hub as built,own code: medium,6,results/run-11/family-hub/report.json
family-hub,"run-11 (variant A: sv 982f97e, blank template)",family-hub as built,own code: low,9,results/run-11/family-hub/report.json
family-hub,"run-11 (variant A: sv 982f97e, blank template)",family-hub as built,"own-code findings per 1,000 source lines",7.56,results/run-11/family-hub/report.json
family-hub,"run-11 (variant A: sv 982f97e, blank template)",family-hub as built,"own-code critical or high per 1,000 source lines",2.84,results/run-11/family-hub/report.json
family-hub,"run-11 (variant A: sv 982f97e, blank template)",family-hub as built,set aside by reviews,0,results/run-11/family-hub/report.json
family-hub,"run-11 (variant A: sv 982f97e, blank template)",family-hub as built,reviews that matched no finding,0,results/run-11/family-hub/report.json
family-hub,"run-11 (variant A: sv 982f97e, blank template)",family-hub as built,applicable,217,results/run-11/family-hub/report.json
family-hub,"run-11 (variant A: sv 982f97e, blank template)",family-hub as built,needs_attention,10,results/run-11/family-hub/report.json
family-hub,"run-11 (variant A: sv 982f97e, blank template)",family-hub as built,checked,2,results/run-11/family-hub/report.json
family-hub,"run-11 (variant A: sv 982f97e, blank template)",family-hub as built,not_verified,188,results/run-11/family-hub/report.json
family-hub,"run-11 (variant A: sv 982f97e, blank template)",family-hub as built,not_applicable,1,results/run-11/family-hub/report.json
family-hub,"run-11 (variant A: sv 982f97e, blank template)",family-hub as built,attested,0,results/run-11/family-hub/report.json
family-hub,"run-11 (variant A: sv 982f97e, blank template)",family-hub as built,by_hand,0,results/run-11/family-hub/report.json
family-hub,"run-11 (variant A: sv 982f97e, blank template)",family-hub as built,documented,17,results/run-11/family-hub/report.json
family-hub,"run-11 (variant A: sv 982f97e, blank template)",family-hub as built,could not be placed (undecided),236,results/run-11/family-hub/report.json
family-hub,"run-11 (variant A: sv 982f97e, blank template)",family-hub as built,threats: found,3,results/run-11/family-hub/report.json
family-hub,"run-11 (variant A: sv 982f97e, blank template)",family-hub as built,threats: not-verified,11,results/run-11/family-hub/report.json
family-hub,"run-11 (variant A: sv 982f97e, blank template)",family-hub as built,threats: checked-in-part,0,results/run-11/family-hub/report.json
family-hub,"run-11 (variant A: sv 982f97e, blank template)",family-hub as built,threats: cannot-place,28,results/run-11/family-hub/report.json
family-hub,"run-11 (variant A: sv 982f97e, blank template)",family-hub as built,advisory check state,partly,results/run-11/family-hub/report.json
family-hub,"as-built (variant B: sv 45b6d71, blank template)",family-hub as built,findings in the app,220,results/as-built-2026-10-03/latest-blank/report.json
family-hub,"as-built (variant B: sv 45b6d71, blank template)",family-hub as built,findings: own,24,results/as-built-2026-10-03/latest-blank/report.json
family-hub,"as-built (variant B: sv 45b6d71, blank template)",family-hub as built,findings: tests,52,results/as-built-2026-10-03/latest-blank/report.json
family-hub,"as-built (variant B: sv 45b6d71, blank template)",family-hub as built,findings: vendored,142,results/as-built-2026-10-03/latest-blank/report.json
family-hub,"as-built (variant B: sv 45b6d71, blank template)",family-hub as built,findings: dependencies,2,results/as-built-2026-10-03/latest-blank/report.json
family-hub,"as-built (variant B: sv 45b6d71, blank template)",family-hub as built,findings: method,0,results/as-built-2026-10-03/latest-blank/report.json
family-hub,"as-built (variant B: sv 45b6d71, blank template)",family-hub as built,own code: critical,0,results/as-built-2026-10-03/latest-blank/report.json
family-hub,"as-built (variant B: sv 45b6d71, blank template)",family-hub as built,own code: high,9,results/as-built-2026-10-03/latest-blank/report.json
family-hub,"as-built (variant B: sv 45b6d71, blank template)",family-hub as built,own code: medium,6,results/as-built-2026-10-03/latest-blank/report.json
family-hub,"as-built (variant B: sv 45b6d71, blank template)",family-hub as built,own code: low,9,results/as-built-2026-10-03/latest-blank/report.json
family-hub,"as-built (variant B: sv 45b6d71, blank template)",family-hub as built,"own-code findings per 1,000 source lines",7.56,results/as-built-2026-10-03/latest-blank/report.json
family-hub,"as-built (variant B: sv 45b6d71, blank template)",family-hub as built,"own-code critical or high per 1,000 source lines",2.84,results/as-built-2026-10-03/latest-blank/report.json
family-hub,"as-built (variant B: sv 45b6d71, blank template)",family-hub as built,set aside by reviews,0,results/as-built-2026-10-03/latest-blank/report.json
family-hub,"as-built (variant B: sv 45b6d71, blank template)",family-hub as built,reviews that matched no finding,0,results/as-built-2026-10-03/latest-blank/report.json
family-hub,"as-built (variant B: sv 45b6d71, blank template)",family-hub as built,applicable,217,results/as-built-2026-10-03/latest-blank/report.json
family-hub,"as-built (variant B: sv 45b6d71, blank template)",family-hub as built,needs_attention,10,results/as-built-2026-10-03/latest-blank/report.json
family-hub,"as-built (variant B: sv 45b6d71, blank template)",family-hub as built,checked,2,results/as-built-2026-10-03/latest-blank/report.json
family-hub,"as-built (variant B: sv 45b6d71, blank template)",family-hub as built,not_verified,188,results/as-built-2026-10-03/latest-blank/report.json
family-hub,"as-built (variant B: sv 45b6d71, blank template)",family-hub as built,not_applicable,1,results/as-built-2026-10-03/latest-blank/report.json
family-hub,"as-built (variant B: sv 45b6d71, blank template)",family-hub as built,attested,0,results/as-built-2026-10-03/latest-blank/report.json
family-hub,"as-built (variant B: sv 45b6d71, blank template)",family-hub as built,by_hand,0,results/as-built-2026-10-03/latest-blank/report.json
family-hub,"as-built (variant B: sv 45b6d71, blank template)",family-hub as built,documented,17,results/as-built-2026-10-03/latest-blank/report.json
family-hub,"as-built (variant B: sv 45b6d71, blank template)",family-hub as built,could not be placed (undecided),236,results/as-built-2026-10-03/latest-blank/report.json
family-hub,"as-built (variant B: sv 45b6d71, blank template)",family-hub as built,threats: found,3,results/as-built-2026-10-03/latest-blank/report.json
family-hub,"as-built (variant B: sv 45b6d71, blank template)",family-hub as built,threats: not-verified,11,results/as-built-2026-10-03/latest-blank/report.json
family-hub,"as-built (variant B: sv 45b6d71, blank template)",family-hub as built,threats: checked-in-part,0,results/as-built-2026-10-03/latest-blank/report.json
family-hub,"as-built (variant B: sv 45b6d71, blank template)",family-hub as built,threats: cannot-place,28,results/as-built-2026-10-03/latest-blank/report.json
family-hub,"as-built (variant B: sv 45b6d71, blank template)",family-hub as built,advisory check state,partly,results/as-built-2026-10-03/latest-blank/report.json
family-hub,"as-built (variant C: sv 45b6d71, own manifest and reviews)",family-hub as built,findings in the app,202,results/as-built-2026-10-03/latest-own/report.json
family-hub,"as-built (variant C: sv 45b6d71, own manifest and reviews)",family-hub as built,findings: own,14,results/as-built-2026-10-03/latest-own/report.json
family-hub,"as-built (variant C: sv 45b6d71, own manifest and reviews)",family-hub as built,findings: tests,44,results/as-built-2026-10-03/latest-own/report.json
family-hub,"as-built (variant C: sv 45b6d71, own manifest and reviews)",family-hub as built,findings: vendored,142,results/as-built-2026-10-03/latest-own/report.json
family-hub,"as-built (variant C: sv 45b6d71, own manifest and reviews)",family-hub as built,findings: dependencies,2,results/as-built-2026-10-03/latest-own/report.json
family-hub,"as-built (variant C: sv 45b6d71, own manifest and reviews)",family-hub as built,findings: method,0,results/as-built-2026-10-03/latest-own/report.json
family-hub,"as-built (variant C: sv 45b6d71, own manifest and reviews)",family-hub as built,own code: critical,0,results/as-built-2026-10-03/latest-own/report.json
family-hub,"as-built (variant C: sv 45b6d71, own manifest and reviews)",family-hub as built,own code: high,1,results/as-built-2026-10-03/latest-own/report.json
family-hub,"as-built (variant C: sv 45b6d71, own manifest and reviews)",family-hub as built,own code: medium,4,results/as-built-2026-10-03/latest-own/report.json
family-hub,"as-built (variant C: sv 45b6d71, own manifest and reviews)",family-hub as built,own code: low,9,results/as-built-2026-10-03/latest-own/report.json
family-hub,"as-built (variant C: sv 45b6d71, own manifest and reviews)",family-hub as built,"own-code findings per 1,000 source lines",4.41,results/as-built-2026-10-03/latest-own/report.json
family-hub,"as-built (variant C: sv 45b6d71, own manifest and reviews)",family-hub as built,"own-code critical or high per 1,000 source lines",0.32,results/as-built-2026-10-03/latest-own/report.json
family-hub,"as-built (variant C: sv 45b6d71, own manifest and reviews)",family-hub as built,set aside by reviews,18,results/as-built-2026-10-03/latest-own/report.json
family-hub,"as-built (variant C: sv 45b6d71, own manifest and reviews)",family-hub as built,reviews that matched no finding,7,results/as-built-2026-10-03/latest-own/report.json
family-hub,"as-built (variant C: sv 45b6d71, own manifest and reviews)",family-hub as built,applicable,223,results/as-built-2026-10-03/latest-own/report.json
family-hub,"as-built (variant C: sv 45b6d71, own manifest and reviews)",family-hub as built,needs_attention,9,results/as-built-2026-10-03/latest-own/report.json
family-hub,"as-built (variant C: sv 45b6d71, own manifest and reviews)",family-hub as built,checked,2,results/as-built-2026-10-03/latest-own/report.json
family-hub,"as-built (variant C: sv 45b6d71, own manifest and reviews)",family-hub as built,not_verified,169,results/as-built-2026-10-03/latest-own/report.json
family-hub,"as-built (variant C: sv 45b6d71, own manifest and reviews)",family-hub as built,not_applicable,216,results/as-built-2026-10-03/latest-own/report.json
family-hub,"as-built (variant C: sv 45b6d71, own manifest and reviews)",family-hub as built,attested,11,results/as-built-2026-10-03/latest-own/report.json
family-hub,"as-built (variant C: sv 45b6d71, own manifest and reviews)",family-hub as built,by_hand,15,results/as-built-2026-10-03/latest-own/report.json
family-hub,"as-built (variant C: sv 45b6d71, own manifest and reviews)",family-hub as built,documented,17,results/as-built-2026-10-03/latest-own/report.json
family-hub,"as-built (variant C: sv 45b6d71, own manifest and reviews)",family-hub as built,could not be placed (undecided),15,results/as-built-2026-10-03/latest-own/report.json
family-hub,"as-built (variant C: sv 45b6d71, own manifest and reviews)",family-hub as built,threats: found,3,results/as-built-2026-10-03/latest-own/report.json
family-hub,"as-built (variant C: sv 45b6d71, own manifest and reviews)",family-hub as built,threats: not-verified,13,results/as-built-2026-10-03/latest-own/report.json
family-hub,"as-built (variant C: sv 45b6d71, own manifest and reviews)",family-hub as built,threats: checked-in-part,0,results/as-built-2026-10-03/latest-own/report.json
family-hub,"as-built (variant C: sv 45b6d71, own manifest and reviews)",family-hub as built,threats: cannot-place,2,results/as-built-2026-10-03/latest-own/report.json
family-hub,"as-built (variant C: sv 45b6d71, own manifest and reviews)",family-hub as built,advisory check state,partly,results/as-built-2026-10-03/latest-own/report.json
